,제목,출판사,교육과정,Lesson,Title,Structure
0,영어,능률(김),2015,1,The Part You Play,"• 전치사의 목적어로서의 동명사
Instead of running straight ahead, the player kindly passed the ball to Ethan so that he could score a touchdown."
1,영어,능률(김),2015,2,The Power of Creativity,"• 명사를 수식하는 과거분사(구)
The giant pictures made from trash by environmental artist Tom Deininger are one of a kind."
2,영어,능률(김),2015,3,Sound Life,"• 사역동사+목적어+동사원형
Has a painting, a movie, or a novel ever made you feel better?"
3,영어,능률(김),2015,4,Toward a Better World,"• 관계부사
I am so glad that this family now has a safe place where they can lay their heads."
4,영어,능률(김),2015,5,What Matters Most,"• 분사구문
Reaching the hermit’s hut, the king found the old man digging in his garden."
5,영어,능률(김),2015,6,Beyond the Limits,"• so+형용사/부사+that+주어+동사
With his assistance, she also studied higher mathematics and engineering so hard that she became an expert in them without ever going to college."
6,영어,능률(김),2015,7,Finding Out the Wonders,"• One of the+최상급+복수명사
One of hanji’s newest uses is a treat for the ears."
7,영어,능률(김),2015,8,It’s Up to You!,"• the+비교급 ..., the+비교급 ~
The harder teens work at building good habits, the stronger those connections in their brains will be."
8,영어,능률(양),2015,1,Where Should I Begin?,"• in case
I keep my paint brush in case I need it."
9,영어,능률(양),2015,2,"Be Smart, Be Healthy","• the same ... as
Now I want you to experience the same benefits as I did."
10,영어,능률(양),2015,3,"Take Action, Make a Difference","• to one's+감정 명사
To my surprise, teachers agreed to make it official."
11,영어,능률(양),2015,4,"Some Like It Cold, Some Like It Hot","• with+명사+분사
With the summer progressing, the weather kept getting hotter."
12,영어,능률(양),2015,5,We Are What We Do,"• one of+최상급+복수명사
Browsing in a mall is one of the most popular pastimes."
13,영어,능률(양),2015,6,When Myths Meet Science,"• 의문사 없는 의문문의 간접화법
The baobab asked the gods if it could have sweet fruit as well."
14,영어,능률(양),2015,7,Venice Diary,"• 부정 조건의 접속사 unless
You can’t say you have been to Venice unless you have ridden a gondola."
15,영어,능률(양),2015,8,The Solution Is in Nature,"• 현재완료 수동형
The novels of Kafka have been read for decades."
16,영어1,능률(김),2015,1,A Spark in You,"• 과거완료 had v-ed
Diego’s early education had not prepared him well for life at his new school"
17,영어1,능률(김),2015,2,Embracing Our Differences,"• 동사＋목적어＋목적격 보어(to부정사)
Then the driver ordered her to give her seat to a white passenger."
18,영어1,능률(김),2015,3,We Are All Connected,"• 시간의 접속사＋v-ing
Imagine how ancient people must have felt when encountering tigers in the wild!"
19,영어1,능률(김),2015,4,Build a Better World,"• 명사 뒤에서 수식하는 과거분사구
Last week, I visited an exhibition of artwork and ancient items selected from the Kansong Art Museum’s collection."
20,영어1,능률(김),2015,5,"Look, Think, and Create!","• 과거분사로 시작하는 수동형 분사구문
Inspired by trees, Gaudi gave the columns a single base that splits off into branches near the top."
21,영어 2,능률(김),2015,1,Treasure in My Life,"• 복합관계대명사
In fact, the word souvenir means “memory” in French, so whatever brings back memories could be called a “souvenir.”"
22,영어 2,능률(김),2015,2,In Someone Else’s Shoes,"• 동명사의 의미상 주어
She has a strong fear of her youth disappearing and feels uncomfortable around old people."
23,영어 2,능률(김),2015,3,Be a Critical Thinker,"• 재귀대명사의 강조용법
Similarly, ..., they may choose to wear one themselves."
24,영어 2,능률(김),2015,4,Find and Do What You Love,"• must have p.p
She must have been unaware of how expensive they were at the time."
25,영어 2,능률(김),2015,5,Technology: An Engine for Change,"• 미래진행형 will be v-ing
With the IoT, however, things connected to the Internet will be communicating with one another without human intervention."
26,공통영어 1,YBM(김),2022,1,Believe That You Can Do Better,"• 전치사 + -ing
The boy does not feel like taking up the challenge."
27,공통영어 1,YBM(김),2022,2,Art and the City,"• 분사의 후치 수식
The picture illustrates a spring garden filled with flowers and trees."
28,공통영어 1,YBM(김),2022,3,Living Green: A Guide to Sustainable Choices,"• 관계대명사 what
We should demonstrate our concerns through what we buy."
29,공통영어 1,YBM(김),2022,4,Be Smart in the Digital World,"• 간접의문문
It is important that we know what false information is."
30,공통영어 2,YBM(김),2022,1,Make Your World a Better Place,"• 관계부사 when, where
During the time when an Ebola outbreak affected Africa, it proved to be invaluable."
31,공통영어 2,YBM(김),2022,2,From Tradition to Trend,"• It is/was ... that 강조
It was during the 1960s that delivery services grew again."
32,공통영어 2,YBM(김),2022,3,Beyond Barriers,"• 목적격 보어로 쓰이는 to부정사
Glenn asked Katherine Johnson to double-check the machine’s figures."
33,공통영어 2,YBM(김),2022,4,The Essence of Being Human,"• 복합관계부사
However well you make the replica, I don’t think I will be able to accept it."
34,공통영어 1,YBM(박),2022,1,Enrich Your Life,"• It ~ for ··· to부정사
It is important for you to write freely and honestly."
35,공통영어 1,YBM(박),2022,2,Explore Wildlife Wonders,"• one of the 최상급+복수 명사
One of the most interesting similarities is intelligence."
36,공통영어 1,YBM(박),2022,3,"Embrace Diversity, Broaden Your Horizons","• 분사구문
Korean words are being added to English, resulting in a richer English vocabulary."
37,공통영어 1,YBM(박),2022,4,When Art Meets Technology,"• 목적격 보어로 쓰인 to부정사
The experts asked them to offer some evidence."
38,공통영어 2,YBM(박),2022,1,Be Digitally Smart!,"• 동격의 that
Gina was astonished by the fact that she had spread the fake news."
39,공통영어 2,YBM(박),2022,2,Urgent Call From Earth,"• 관계대명사 what
What I see in the carts in the checkout line are mostly water bottles."
40,공통영어 2,YBM(박),2022,3,Rise Above Challenges,"• 관계부사
This is the reason why resilient people tend to create good support networks."
41,공통영어 2,YBM(박),2022,4,Creative Ideas for a Better World,"• 가정법 과거완료
If microscopes had not been invented, we might not have discovered bacteria."
42,영어,YBM(박),2015,1,Dream It and Achieve It,"• 사역동사+목적어+목적격 보어
What made John Goddard record his dreams on paper?"
43,영어,YBM(박),2015,2,Color Your Language,"• 수동태
Whenever a white elephant was found, it was given to the king."
44,영어,YBM(박),2015,3,Enjoy the Tasty World,"• 관계대명사 who
Anyone who loves the Gimchi of this region will be able to taste it."
45,영어,YBM(박),2015,4,Preparing for Weather,"• 분사구문
The water rose to the level of the door, starting to fill his house."
46,영어,YBM(박),2015,5,The Joy of Appreciating Art,"• so ~ that ...
One of them painted grapes that looked so real that birds tried to eat them."
47,영어,YBM(박),2015,6,Traveling for Volunteer Work,"• 과거완료
I was nervous because I had never traveled alone before."
48,영어,YBM(박),2015,7,Bringing Creativity into Our Lives,"• 의문절을 이끄는 접속사 whether
He wondered whether he could do anything to help his grandfather."
49,영어,YBM(박),2015,8,"Green Life, Green Earth","• 가주어 it, 진주어 to부정사
It was not easy for me to get electricity from sunlight."
50,영어,YBM(박),2015,9,What Makes Sports More Exciting,"• It is[was] ~ that 강조
It was a new training suit that changed the team."
51,영어,YBM(박),2015,10,Feel What Others Feel,"• 지각동사의 목적격 보어
We see our friends laughing."
52,영어,YBM(한),2015,1,"A Fresh New
 Start","• It is[was] ... that 강조 
It is hard work that makes things happen and creates change."
53,영어,YBM(한),2015,2,"Working
 Together","• 지각동사+목적어+분사
Have you ever observed ants marching in and out of their nest?"
54,영어,YBM(한),2015,3,"Eat Right,
 Be Healthy","• 주어와 동사의 수 일치
The acid in sodas interacts with stomach acid, slowing digestion and blocking nutrient absorption."
55,영어,YBM(한),2015,4,"Invention for
 the Rainforests","• 의문사가 없는 의문문의 간접화법
People contacted White and asked if they could use the device."
56,영어,YBM(한),2015,5,"How to Win
 Over Someone's
 Mind","• 관계대명사 what
It is because of what psychologists refer to as “cognitive dissonance.”"
57,영어,YBM(한),2015,6,"The Most
 Efficient Job in
 the World","• 수동태 
In India, many traditions are being challenged as a result of globalization."
58,영어,YBM(한),2015,7,"Amazing
 Architecture","• 관계부사 when, where
There are curved terraces where visitors can enjoy wonderful views of Barcelona."
59,영어,YBM(한),2015,8," Living with
 Robots","• 전치사+관계대명사
On the fifth task, for which it had to use a drill to cut through a wall, HUBO failed on its first attempt."
60,영어Ⅰ,YBM(박),2015,1,"Healthy Living, Happy Life","• 관계대명사 that
It is a normal reaction that almost everyone experiences."
61,영어Ⅰ,YBM(박),2015,2,Origins of Everyday Things,"• 비교급 less ~ than
Potatoes were at first less favored than sweet potatoes by Europeans."
62,영어Ⅰ,YBM(박),2015,3,Advertising in Your Life,"• 전치사 + 관계대명사
In a TV drama, there was a scene in which a blind girl applied lipstick on her own."
63,영어Ⅰ,YBM(박),2015,4,Becoming Active as Consumers and Sellers,"• 강조구문 what
What they started was a whole new business model providing a platform for the sharing economy."
64,영어Ⅰ,YBM(박),2015,5,Cultures Around the World,"• 관계부사 why
This is why namsadangnori is considered a fun and comprehensive form of entertainment."
65,영어Ⅰ,YBM(박),2015,6,The Future of Space Exploration,"• 분사구문 with + 명사 + -ing
With many countries participating in those projects, scientists are making progress."
66,영어Ⅰ,YBM(한),2015,1,Learn from Failures,"• 관계대명사의 계속적 용법
At 39, she published her first novel, The Bluest Eye, which received mixed reviews and did not sell well."
67,영어Ⅰ,YBM(한),2015,2, Technology and Life,"• 「의문사＋to부정사」
The transition from the film camera to the digital camera changed our ideas on what to take pictures of."
68,영어Ⅰ,YBM(한),2015,3, Extend Your View of Art,"• 형용사로 쓰이는 과거분사
Kim Whanki felt a strong desire to capture the essence of the beauty found in traditional Korean art."
69,영어Ⅰ,YBM(한),2015,4,A Trip for Cultural Diversity,"• 완료 분사구문
Having left our luggage at the hotel, my family and I walked around the city."
70,영어Ⅰ,YBM(한),2015,5,The Small but Great Potato,"• 부정어구 도치
Not only did potatoes grow well in much of Europe, but they were also very nutritious."
71,영어Ⅰ,YBM(한),2015,6, Nature and Environment,"• 부분 부정
Unlike the sinkhole in Florida, not all sinkholes are destructive."
72,영어Ⅱ,YBM(박),2015,1,Treasure out of Trash,"• cannot ~ enough
The importance of urban renewal cannot be stressed enough."
73,영어Ⅱ,YBM(박),2015,2,We Are Stronger Together,"• 가정법 과거완료
If he had turned his plane back to LaGuardia, it would have made the landing disastrous."
74,영어Ⅱ,YBM(박),2015,3,Fun Science about the Human Body,"• 조건의 접속사 provided that
Crying did relieve their mood, provided that they were given enough time for the benefits of crying to set in."
75,영어Ⅱ,YBM(박),2015,4,Equality for All,"• 독립부사구
To her regret, there was no women’s running team in the university."
76,영어Ⅱ,YBM(박),2015,5,Sharing the Planet with Every Creature,"• 접속사 unless
A green space can be a green desert unless it has flowering plants that are friendly to bees."
77,영어Ⅱ,YBM(박),2015,6,Humans and Technology,"• 지각동사와 사역동사의 수동태
Human beings were seen to be replaced with their own creation."
78,영어Ⅱ,YBM(한),2015,1,"Microbes and
 Health","• 관계대명사의 생략
A human being has about 10 trillion human cells, but there are also other tiny creatures (which are) living in the human body."
79,영어Ⅱ,YBM(한),2015,2,"Lesson 2
 Money
 Matters","• even if 양보의 부사절
Even if the robber had succeeded in getting lots of cash, he would have had trouble spending it."
80,영어Ⅱ,YBM(한),2015,3,"Lesson 3 
 Gift and
 Achievement","• 「배수사 + 비교급」
By age six, the young Wolfgang had practiced an astonishing 3,500 hours −three times more than anybody else in his peer group."
81,영어Ⅱ,YBM(한),2015,4,"Lesson 4
 Look into
 Your Mind","• 5형식 문장의 목적격 보어
The confirmation bias makes people unconsciously seek information that matches their own opinions."
82,영어Ⅱ,YBM(한),2015,5,"Lesson 5
 Exploring
 the Universe","• 병렬구조
Plants grown on a spacecraft may be used to potentially reduce carbon dioxide and produce oxygen, as well as provide water for drinking through transpiration."
83,영어Ⅱ,YBM(한),2015,6,"Lesson 6
 Culture and
 Heritage","• 「the + 비교급 ..., the + 비교급 ~」
The more women chose to work in tourism, the faster the number of haenyeo decreased."
84,영어,비상,2015,1,Envision,"• 동격의 of
He has a plan for his dream of becoming a magician."
85,영어,비상,2015,2,Express,"• one of the+최상급+복수명사
Combining analogous colors is one of the easiest ways of matching colors."
86,영어,비상,2015,3,Contribute,"• 완료분사구문
Having been founded to tackle the problem, the platform allows extra food to be distributed to neighbors."
87,영어,비상,2015,4,Explore,"• 관계부사
Many people lined up in front of a small store where green apple gelato was served."
88,영어,비상,2015,5,Collaborate,"• 부정어 도치
The miners did not give up in the dark, nor did their families surrender to despair."
89,영어,비상,2015,6,Decide,"• Without 가정법
Without decisions to make, being a consumer would be easier but less interesting."
90,영어,비상,2015,7,Observe,"• 동명사의 의미상 주어
Do you remember your mom taking you to a doctor’s office?"
91,영어,비상,2015,8,Appreciate,"• 동사의 생략
Yellow is linked with the sound of the trumpet and blue (is linked) with that of the cello."
92,영어Ⅰ,비상,2015,1,A Road to Happiness,"• 관계대명사의 계속적 용법
My arm will cramp up, which will force me to drop the glass."
93,영어Ⅰ,비상,2015,2,"Taste Culture, Understand Better","• 전치사+관계대명사
Coloring is the next step, after which a second drying takes place."
94,영어Ⅰ,비상,2015,3,Sports and Science Get Along,"• 원급을 이용한 배수 표현
Adult cheetahs can take twice as many steps as we do."
95,영어Ⅰ,비상,2015,4,"Together, We Can Do Better!","• as if 가정법 과거
Mary’s mother cared for wounded soldiers as if they were her own family members."
96,영어Ⅰ,비상,2015,5,Creativity in Action,"• 복합관계대명사
He carved whatever he could think of at the very tip of a pencil."
97,영어Ⅰ,비상,2015,6,My Promise with Mother Nature,"• <부분사+of+명사>
About one third of the world’s fresh water is used for meat production."
98,영어Ⅱ,비상,2015,1,The Path Ahead,"• I wish 가정법 과거완료
I wish I had done more to help people."
99,영어Ⅱ,비상,2015,2,Tasty History,"• 내포절 관계사 구문
There are a few crops that archaeologists believe sparked the Agricultural Revolution."
100,영어Ⅱ,비상,2015,3,Our Blue Planet,"• what 강조 구문
What is needed is something to supplement their diet."
101,영어Ⅱ,비상,2015,4,"One World, Many Ways","• 비인칭 독립분사 구문
Putting it in other words, do you value efficiency or thoroughness?"
102,영어Ⅱ,비상,2015,5,How Far Will Technology Go?,"• 전치사 to와 to부정사의 구분
Biologists are accustomed to analyzing huge datasets with the help of supercomputers."
103,영어Ⅱ,비상,2015,6,The Landscape of Stories,"• 사역동사 make의수동태
He was made to wear the handicap radio at all times."
104,영어,동아(이),2015,1,"Hi, High School!","• 관계대명사 what
A fear of failure is what stops them from trying new things."
105,영어,동아(이),2015,2,Delicious World,"• <가주어-진주어> 구문
It was common practice to display a big wheel of cheese."
106,영어,동아(이),2015,3,Helping Hands,"• 동격의 of
The simple practice of washing hands could save a lot of lives."
107,영어,동아(이),2015,4,Be Nature Smart,"• 현재완료 수동태,
There is another type of pollution that has been ignored by many."
108,영어,동아(이),2015,5,Beg to Differ,"• 소유격 관계대명사 whose
There were several students whose mothers or fathers were from countries other than Korea."
109,영어,동아(이),2015,6,Beyond Korea,"• not until A B
Not until the late Joseon period did paintings begin to decorate the homes of common people."
110,영어,동아(이),2015,7,A Step Forward,"• 과거분사의 명사 수식
She sat just behind the ten seats reserved for whites."
111,영어,동아(이),2015,8,Bon Voyage,"• 관계부사 where
We found a place where we could sleep in an igloo."
112,영어 I,동아(권),2015,1,Invitation to a Teen’s Life,"• 목적격 보어가 to부정사인 5형식 문장
The teacher asked him to name the current Secretary- General of the United Nations."
113,영어 I,동아(권),2015,2,Taste Different Cultures,"• 관계부사 why
That is why it is better to eat your biggest meal at lunch time."
114,영어 I,동아(권),2015,3,Live and Let Live,"• 과거완료의 수동태
The baby and her mom had been driven out of their forest home when it was destroyed."
115,영어 I,동아(권),2015,4,Passion for Reading,"• 관계대명사 which의 계속적 용법
He had avoided the work for weeks, which put him under great pressure."
116,영어 I,동아(권),2015,5,Discover the Future,"• 관계대명사 what
This is one example of what the “Internet of Things,” or IoT, can do."
117,영어 I,동아(권),2015,6,National Pride,"• 부정어 강조로 인한 도치
Not only did he love his father, but King Jeongjo also had a big heart for his people."
118,영어 II,동아(권),2015,1,Health Talks,"• 재귀대명사 
It shows that your emotional state can reflect itself in your posture."
119,영어 II,동아(권),2015,2,Step into the World,"• 현재완료 진행 시제 
Ever since, she and I have been exchanging letters."
120,영어 II,동아(권),2015,3,The Joy of Language,"• 동격의 of 
Sarah agrees with the idea of studying together."
121,영어 II,동아(권),2015,4,Delight in Art,"• not A but B 구문 
The lion, not wanting to disturb her, but curious about her presence, looks on."
122,영어 II,동아(권),2015,5,Living Together,"• such a(n)+형용사+명사+that ~ 
The idea was such a huge sensation that teens began piling up pennies."
123,영어 II,동아(권),2015,6,Find Your Dream,"• 복합관계사 
Whatever the case, if you’ve noticed one of these things, you’ve already been practicing phenology."
124,공통영어 I,동아(이),2022,1,Life Is Experience,"• 지각동사의 목적격 보어
I heard a voice growing louder in my head, saying “Go for it!”"
125,공통영어 I,동아(이),2022,2,Journey Through the Pages,"• 관계부사 where
Perhaps it is a beautiful place where a green forest surrounds a blue lake."
126,공통영어 I,동아(이),2022,3,Small Things Matter,"• 동격의 that
Take comfort in the fact that you are not wishcycling."
127,공통영어 I,동아(이),2022,4,Everyday Decisions,"• 관계대명사 what
People are less likely to give up what they already have."
128,영어 I,동아(박),2022,1,Best Version of Me,"• 간접의문문
You are trying to figure out who you are and who you want to be."
129,영어 I,동아(박),2022,2,Money Smart,"• 관계부사
High school is where we learn about life."
130,영어 I,동아(박),2022,3,Act for Our Planet,"• 계속적 용법의 which
Nutrients are relatively scarce in warm waters, which makes it difficult for phytoplankton to survive."
131,영어 I,동아(박),2022,4,Digital Well-Being,"• 가정법 과거완료
If Alex had been aware of this, he wouldn’t have missed out on new and diverse styles outside his bubble."
132,영어 I,동아(박),2022,5,Beyond Boundaries,"• with+명사+분사
He was touching the ground with his hips raised towards the sky."
133,영어 I,동아(박),2022,6,Better Together,"• 분사구의 후치 수식
NASA has more than three million photos of Earth taken from space."
134,기본영어,천재(강),2015,1,Cheers to Your New Start!,"• 동명사
I can only remember spilling my lunch all over my uniform.
Staying silent will only make things worse."
135,기본영어,천재(강),2015,2,Animals in Our Lives,"• 간접의문문
She never asks how good my grades are.
I can tell how you feel."
136,기본영어,천재(강),2015,3,"Our Earth, Our Choice","• 비교급과 비교급의 강조
Cotton bags are heavier than plastic bags.
Plastic bags are much cheaper than paper bags."
137,기본영어,천재(강),2015,4,All Eyes on Korea,"• 수동태
The hat was worn by the yangban.
The hat was shipped to Panama."
138,기본영어,천재(강),2015,5,Living in a Digital Era,"• 목적격 관계대명사와 생략
The advertisements are for the item (that) you were looking for.
You can delete any accounts (that) you don’t need."
139,영어,천재(이),2015,1,Opening a New chapter,"• 2형식 동사+형용사(주격 보어)  
I felt nervous and worried because I was about to jump into a new world."
140,영어,천재(이),2015,2,The Power of Creativity,"• 재귀대명사(강조 용법)  
She used water itself―water pressure―instead of scrubbers."
141,영어,천재(이),2015,3,Living Together,"• 과거 완료 
I remembered a pair of slippers that I had received as a present."
142,영어,천재(이),2015,4,The Door to the World,"• 접속사   
Koreans call something easy ""cold gruel"" whereas native speakers of English call it ""a piece of cake."""
143,영어,천재(이),2015,5,"Our Earth, Our Future, Our Choice","• 상관접속사 not only/just ~ but also ... 
Not just meat-eating animals but also plant-eating animals can be keystone species."
144,영어,천재(이),2015,6,"Enjoy Art, Connect Hearts","• 분사 구문  
Inspired by the video, Whitacre decided to make a virtual choir."
145,영어,천재(이),2015,7,Science in Our Daily Lives,"• 분사 후위 수식  
There are four main forces involved in flight."
146,영어,천재(이),2015,8,Korean Culture: The Mirror of Our Hearts ,"• must have p.p.  
You all must have participated this game at least once."
147,영어,천재(김),2015,1,"New Start, New Goals","• not A but B  
The problem is not time but time management."
148,영어,천재(김),2015,2,How “Green” Are You?,"• the fact that ....  
You wouldn't believe the fact that this bag is made of ring pulls."
149,영어,천재(김),2015,3,Together We Grow,"• 의문문이 인용된 문장의 화법 전환  
""Does she have a problem?"" Lisa said to me."
150,영어,천재(김),2015,4,Speak to Be Heard,"• do so  
How can you do so effectively?"
151,영어,천재(김),2015,5,For a Better World,"• 관계부사  
On the day when I first started volunteering, they gave me a warm welcome."
152,영어,천재(김),2015,6,Pack Up and Go,"• ｢제안, 요구, 주장 동사+that+주어+(should)+동사원형｣
They suggeested that we (should) go to the National Museum of Greenland together."
153,영어,천재(김),2015,7,Beyond Earth,"• 미래진행형  
I will be driving one of them at this time tomorrow."
154,영어,천재(김),2015,8,Korean Culture Rediscovered,"• 도치를 만드는 부사(구)  
Only after a king died was the Sillok of his reign published."
155,영어Ⅰ,천재(이),2015,1,"My Journey, My Life","• 「전치사+동명사」
He helped me dream of becoming  a children's book author."
156,영어Ⅰ,천재(이),2015,2, Art Around Us,"• 「one of the+최상급 +복수 명사」
The Sleeping Gypsy is one of the most representative works of Henri Rousseau."
157,영어Ⅰ,천재(이),2015,3,Toward a Better Environment,"• 접속사 as
As you know, it is cheap, lightweight, and strong."
158,영어Ⅰ,천재(이),2015,4, Living Together,"• to부정사 목적격 보어
The message encouraged me to bring my old coats for the homeless."
159,영어Ⅰ,천재(이),2015,5,Culture as a Mirror of Our Lives,"• 분사 후치 수식
Conversation scientists removed the cement used in the first restoration process."
160,영어Ⅰ,천재(이),2015,6,"Technology, What Defines Us as Humans","• 5형식 수동태
That one's called anger."
161,영어 II,천재(이),2015,1,My School Days,"• 「감각동사+형용사」
When they entered the classroom, they looked puzzled by the decorations."
162,영어 II,천재(이),2015,2,Discover Cultures Around the World,"• 동명사구 주어
Just thinking of skiing in Africa makes this town a much more attractive city."
163,영어 II,천재(이),2015,3,Future of Money,"• 원급 비교
My grandmother said that learning how to use an e-payment system is not as easy as using cash."
164,영어 II,천재(이),2015,4,"Bring Literature
into Your Life","• 이어동사
With both hands, he held it out for the emissary."
165,영어 II,천재(이),2015,5,ICT in Our Lives,"• 진행 수동태
There are many other areas where ICT is increasingly being used such as education and health."
166,영어 II,천재(이),2015,6,"Reach Beyond
Ourselves","• 「주장/제안/명령/요구 동사+that+주어+(should) 동사원형」
We request that this apology (should) be received as part of the healing of the nation."
167,영어,능률(김),2015,1,The Part You Play,"• 진주어 to부정사와 의미상의 주어
It is difficult for him to walk, run, or move around."
168,영어,능률(김),2015,2,The Power of Creativity,"• 주격 관계대명사
The German government showed us an excellent example of this with a former steel plant that closed in 1985."
169,영어,능률(김),2015,3,Sound Life,"• 관계대명사 what
This is what makes you special."
170,영어,능률(김),2015,4,Toward a Better World,"• 형용사/부사+enough+to-v
It was quite clear that this place was not big enough to house all the family members."
171,영어,능률(김),2015,5,What Matters Most,"• 가정법 과거완료
If you hadn’t helped me, you would’ve left, and that man would’ve attacked you."
172,영어,능률(김),2015,6,Beyond the Limits,"• 부정어로 인한 도치
Not only did they prove their doubters wrong, but they also achieved an accomplishment that inspired us to do the impossible."
173,영어,능률(김),2015,7,Finding Out the Wonders,"• 동격절을 이끄는 접속사 that
In addition, the fact that the sound will not change over time because of the strength of hanji makes these speakers a great purchase."
174,영어,능률(김),2015,8,It’s Up to You!,"• not A but B
Therefore, adolescence is not a stage to simply get through, but an important stage in people’s lives."
175,영어,능률(양),2015,1,Where Should I Begin?,"• 주격 관계대명사+be동사 생략
Take advantage of any chances (that are) available to you."
176,영어,능률(양),2015,2,"Be Smart, Be Healthy","• 조동사 should의 생
I suggest that you (should) replace sugary drinks such as soft drinks and juice with water."
177,영어,능률(양),2015,3,"Take Action, Make a Difference","• 주어로 활용된 관계대명사 what
What I learned is that we can contribute to making a better world."
178,영어,능률(양),2015,4,"Some Like It Cold, Some Like It Hot","• 동격의 전치사구 'of ~'
The idea of eating samgyetang sounded good."
179,영어,능률(양),2015,5,We Are What We Do,"• 전치사+관계대명사
We are surrounded by so many ways in which we can shop."
180,영어,능률(양),2015,6,When Myths Meet Science,"• 계속적 용법의 관계대명사 which
They can flap their wings in a figure-8 pattern, which enables them to hover."
181,영어,능률(양),2015,7,Venice Diary,"• This is why ~
This is why we have been planning to take a special family trip for several years."
182,영어,능률(양),2015,8,The Solution Is in Nature,"• 완료 부정사
Kafka is believed to have invented the hard hat."
183,영어1,능률(김),2015,1,A Spark in You,"• 목적격 관계대명사의 생략
Suddenly Diego was not the sad little boy we had become used to."
184,영어1,능률(김),2015,2,Embracing Our Differences,"• It is[was] ~ that ... 강조 구문
It was these features of his introverted personality that enabled him to focus on inventing things."
185,영어1,능률(김),2015,3,We Are All Connected,"• as if＋가정법 과거
As a result, the other species …, are protected too, as if there were a large umbrella being held over them."
186,영어1,능률(김),2015,4,Build a Better World,"• if절 대신 without구가 쓰인 가정법 과거완료
Without it, the origins and fundamentals of Hangeul would have been lost to history."
187,영어1,능률(김),2015,5,"Look, Think, and Create!","• 관계대명사 which의 계속적 용법
More importantly, the Eastgate Centre uses far less energy than other buildings, which saves money and helps protect the environment from pollution."
188,영어 2,능률(김),2015,1,Treasure in My Life,"• 목적을 나타내는 접속사 so that
Finally, I put a layer of sealant over the whole plate so that the paper wouldn’t fade or wear out over time."
189,영어 2,능률(김),2015,2,In Someone Else’s Shoes,"• 가목적어 it
However, she soon found it very enjoyable to talk with them."
190,영어 2,능률(김),2015,3,Be a Critical Thinker,"• 명사절을 이끄는 접속사 whether
Check whether the graph is presented in a specific way to emphasize a point."
191,영어 2,능률(김),2015,4,Find and Do What You Love,"• with+목적어+현재분사
Another depicts two spider webs stretched between tree branches, with tarantulas and ants attacking their prey."
192,영어 2,능률(김),2015,5,Technology: An Engine for Change,"• 현재완료 수동태 have[has] been p.p
Because of this system, the number of trips garbage trucks make has been greatly reduced."
193,공통영어 1,YBM(김),2022,1,Believe That You Can Do Better,"• 동격의 that
He holds onto the belief that they are best avoided."
194,공통영어 1,YBM(김),2022,2,Art and the City,"• 현재완료 수동태
You can see a number of them have been recreated in street-side panels."
195,공통영어 1,YBM(김),2022,3,Living Green: A Guide to Sustainable Choices,"• 조건 부사절에서의 시제
Alarming numbers will keep increasing if producers maintain the old system."
196,공통영어 1,YBM(김),2022,4,Be Smart in the Digital World,"• 가정법 과거완료
If they had done these things, they would likely have suspected that something was not right."
197,공통영어 2,YBM(김),2022,1,Make Your World a Better Place,"• 분사구문
Needing donations to gather essential items, John reached out to his family."
198,공통영어 2,YBM(김),2022,2,From Tradition to Trend,"• so + 형용사/부사 + that ...
Customers trusted the messengers so much that they did not check the items."
199,공통영어 2,YBM(김),2022,3,Beyond Barriers,"• 관계대명사의 계속적 용법
It was for the Apollo 11 mission, which sent three men to the Moon in 1969."
200,공통영어 2,YBM(김),2022,4,The Essence of Being Human,"• 주어 + request that + 주어 + (should) 동사원형
Chrissie requested that Klara continue to care about Josie."
201,공통영어 1,YBM(박),2022,1,Enrich Your Life,"• 동명사
Releasing my feelings onto paper helped relieve my emotional tension."
202,공통영어 1,YBM(박),2022,2,Explore Wildlife Wonders,"• 명사를 수식하는 과거분사구
Another example is Ursula, the sea witch featured in The Little Mermaid."
203,공통영어 1,YBM(박),2022,3,"Embrace Diversity, Broaden Your Horizons","• 현재완료 수동태
English vocabulary has been modified within the different varieties of English."
204,공통영어 1,YBM(박),2022,4,When Art Meets Technology,"• 계속적 용법의 관계대명사 which
Look at the mechanism of AI creativity, which is programmed to work in a similar way to human creativity."
205,공통영어 2,YBM(박),2022,1,Be Digitally Smart!,"• so ~ that ...
The headlines can be so stimulating that you may click on them accidentally."
206,공통영어 2,YBM(박),2022,2,Urgent Call From Earth,"• 조건의 접속사
As long as his hands are locked on our cart, there is nothing to prove that it’s ours."
207,공통영어 2,YBM(박),2022,3,Rise Above Challenges,"• 상관접속사
Both people succeeded not despite adversity but thanks to it."
208,공통영어 2,YBM(박),2022,4,Creative Ideas for a Better World,"• It ~ that 강조 구문
It was the Foldscope that they presented as a solution to the problem."
209,영어,YBM(박),2015,1,Dream It and Achieve It,"• 동명사
Recording your dreams is not enough."
210,영어,YBM(박),2015,2,Color Your Language,"• 동격의 that
The idea comes from the belief that crocodiles weep over the prey they kill."
211,영어,YBM(박),2015,3,Enjoy the Tasty World,"• one of the 최상급+복수명사
It is one of the largest food festivals in Korea."
212,영어,YBM(박),2015,4,Preparing for Weather,"• 관계부사 where
Hurricanes are common in the tropics where water temperatures are high all year round."
213,영어,YBM(박),2015,5,The Joy of Appreciating Art,"• 조동사 + have p.p
The artist must have painted the skull to remind us that we will, one day, die."
214,영어,YBM(박),2015,6,Traveling for Volunteer Work,"• 명사를 수식하는 분사구
We had ceviche, a dish of fish soaked in lime juice."
215,영어,YBM(박),2015,7,Bringing Creativity into Our Lives,"• 계속적 용법의 관계대명사 which
To lions, a moving torch could only mean that a person was holding it, which would stop them from approaching the stable."
216,영어,YBM(박),2015,8,"Green Life, Green Earth","• 가정법 과거
If it were not for electricity, we would have to live like primitive people."
217,영어,YBM(박),2015,9,What Makes Sports More Exciting,"• as if 가정법
The soccer fans in the theater felt as if they were part of the game."
218,영어,YBM(박),2015,10,Feel What Others Feel,"• 복합관계대명사
We may want to do whatever we can to help the person."
219,영어,YBM(한),2015,1,"A Fresh New
 Start","• 시간․조건의 부사절에서의 시제
It will happen to you when you become successful."
220,영어,YBM(한),2015,2,"Working
 Together","• 조동사+have p.p.
If so, it may have reminded you of a highway packed with cars."
221,영어,YBM(한),2015,3,"Eat Right,
 Be Healthy","• 생략
Every year, Americans consume 170 liters of soda per person, and the British (consume) 100 liters (of soda per person)."
222,영어,YBM(한),2015,4,"Invention for
 the Rainforests","• 목적의 접속사 so that 
He attached a sensitive microphone to the cell phone so that it could detect chainsaw noise."
223,영어,YBM(한),2015,5,"How to Win
 Over Someone's
 Mind","• 분사구문
Feeling anxious and unhappy, he had to find a way to resolve his feelings."
224,영어,YBM(한),2015,6,"The Most
 Efficient Job in
 the World","• to부정사의 의미상의 주어
It would be difficult for them to carry their own dabba."
225,영어,YBM(한),2015,7,"Amazing
 Architecture","• that 절이 목적어인 문장의 수동태 
It is expected that the church will be completed sometime in 2026."
226,영어,YBM(한),2015,8," Living with
 Robots","• 목적격 보어로 쓰인 to부정사
This awkward move caused them to lose their balance."
227,영어Ⅰ,YBM(박),2015,1,"Healthy Living, Happy Life","• 대동사 do
Many teens also suffer from a high level of stress, often without even knowing that they do."
228,영어Ⅰ,YBM(박),2015,2,Origins of Everyday Things,"• 분사구문 (being 생략)
Imported from South India and nearby islands, black pepper was an expensive spice."
229,영어Ⅰ,YBM(박),2015,3,Advertising in Your Life,"• 부정어 도치
Never can traditional funding support the increased cost."
230,영어Ⅰ,YBM(박),2015,4,Becoming Active as Consumers and Sellers,"• 가정법 과거 (Without ~ / But for ~)
But for the sharing service, one more car would be made only to stay still in her garage most of the time."
231,영어Ⅰ,YBM(박),2015,5,Cultures Around the World,"• 완료부정사
The local gypsy cultures are known to have played a great role in developing the performing art."
232,영어Ⅰ,YBM(박),2015,6,The Future of Space Exploration,"• 현재완료 수동태
We have much more to learn about Mars, although much has already been discovered."
233,영어Ⅰ,YBM(한),2015,1,Learn from Failures,"• 완료부정사
Edison is said to have failed 9,999 times before creating a perfect light bulb."
234,영어Ⅰ,YBM(한),2015,2, Technology and Life,"• 복합관계부사
Now we can take pictures of anything we want, whenever we want."
235,영어Ⅰ,YBM(한),2015,3, Extend Your View of Art,"• 간접의문문
When he was asked why moon jars attracted him so much, he said, “Korean jars have broadened my idea of beauty.”"
236,영어Ⅰ,YBM(한),2015,4,A Trip for Cultural Diversity,"• 「so ... that ~ (너무 …해서 ~하다)」 구문
The atmosphere was so lively and exciting that the entire event felt more like a small festival than a market."
237,영어Ⅰ,YBM(한),2015,5,The Small but Great Potato,"• 「one of the＋최상급＋복수명사」
It was one of the deadliest famines in history."
238,영어Ⅰ,YBM(한),2015,6, Nature and Environment,"• 분사의 관용적 표현
Generally speaking, naturally occurring sinkholes cannot be prevented."
239,영어Ⅱ,YBM(박),2015,1,Treasure out of Trash,"• 가목적어 it, 진목적어 to부정사
Steep roads made it impossible for vehicles to access this poor neighborhood."
240,영어Ⅱ,YBM(박),2015,2,We Are Stronger Together,"• 동격의 of, that
The idea of turning back to LaGuardia was quickly dismissed."
241,영어Ⅱ,YBM(박),2015,3,Fun Science about the Human Body,"• 상관 접속사
Niels Stensen discovered in 1662 that not emotions but the lacrimal gland is the proper origin of tears."
242,영어Ⅱ,YBM(박),2015,4,Equality for All,"• 완료분사구문
Having never felt such embarrassment and fear before, she wondered if she should step off the course."
243,영어Ⅱ,YBM(박),2015,5,Sharing the Planet with Every Creature,"• 목적격 보어로 to부정사 사용
This way we can expect commercial growers to reduce their use of pesticides."
244,영어Ⅱ,YBM(박),2015,6,Humans and Technology,"• 주장·제안·요구·명령 동사 + that + 주어 + (should) + 동사원형
British scientists, engineers, and scholars suggested that designers, builders, and users of robots follow five ethical principles."
245,영어Ⅱ,YBM(한),2015,1,"Microbes and
 Health","• 비인칭 독립분사구문
Given this knowledge, nutritionists suggest the following ways to keep our guts healthy."
246,영어Ⅱ,YBM(한),2015,2,"Lesson 2
 Money
 Matters","• 가목적어 it
Swedish people would find it surprising that this man tried to rob a bank at all."
247,영어Ⅱ,YBM(한),2015,3,"Lesson 3 
 Gift and
 Achievement","• 명사절을 이끄는 접속사 if / whether
 If you want to know whether a 14-year-old runner will be a good runner when he is 24, you must wait ten years"
248,영어Ⅱ,YBM(한),2015,4,"Lesson 4
 Look into
 Your Mind","• 상관접속사의 수일치
Both Kevin and Sara are affected by the confirmation bias."
249,영어Ⅱ,YBM(한),2015,5,"Lesson 5
 Exploring
 the Universe","• to부정사의 수동태
Still, there are questions that need to be answered."
250,영어Ⅱ,YBM(한),2015,6,"Lesson 6
 Culture and
 Heritage","• 목적어로 동명사 / to부정사가 올 때 의미가 달라지는 동사
The haenyeo understand the marine life around them and try to live with it."
251,영어,비상,2015,1,Envision,"• 전치사+관계대명사
Choose a career in which you’re interested."
252,영어,비상,2015,2,Express,"• 접속사 unless
Unless your signature style is to wear colors that clash, using the color wheel will help you."
253,영어,비상,2015,3,Contribute,"• 동사+목적어+to부정사
The structure allows you to drink coffee without finding yourself holding a soaked mess."
254,영어,비상,2015,4,Explore,"• suggest+that+주어+(should)+동사원형
Suji suggested that I explore the city on my own for a few hours."
255,영어,비상,2015,5,Collaborate,"• 과거완료 수동태
They had been trapped for so long that their first priority was to get medical attention."
256,영어,비상,2015,6,Decide,"• seem to+완료부정사
Product placement seems to have been designed to give suggestions to consumers."
257,영어,비상,2015,7,Observe,"• 명사를 뒤에서 수식하는 분사구
A design developed naturally in the deep sea may soon be seen in deep space."
258,영어,비상,2015,8,Appreciate,"• 조동사+have+p.p
Kandinsky might have intended to turn a series of musical notes into visual forms."
259,영어Ⅰ,비상,2015,1,A Road to Happiness,"• 부사구 도치
Behind him were an elderly lady and a blind man."
260,영어Ⅰ,비상,2015,2,"Taste Culture, Understand Better","• 부사절에서 <주어+be동사>의 생략
Once dried, the licitars are decorated."
261,영어Ⅰ,비상,2015,3,Sports and Science Get Along,"• 관계부사
This is why players have to direct the stone's path carefully."
262,영어Ⅰ,비상,2015,4,"Together, We Can Do Better!","• to one's 감정명사
To their surprise, thousands of contributors gathered."
263,영어Ⅰ,비상,2015,5,Creativity in Action,"• 수사의문문
Who would have thought of using train tracks as a music sheet?"
264,영어Ⅰ,비상,2015,6,My Promise with Mother Nature,"• <be said(predicted)+동사원형>
Livestock is said to produce 130 times as much manure as humans."
265,영어Ⅱ,비상,2015,1,The Path Ahead,"• 미래완료 시제
By the time I finish that, I will have learned the basics of genetic engineering."
266,영어Ⅱ,비상,2015,2,Tasty History,"• with+목적어+분사(부대상황)
With demand for spices growing, many European explorers began long sea voyages."
267,영어Ⅱ,비상,2015,3,Our Blue Planet,"• 상관접속사 not A but B
The victim doesn’t act like an ant but like a zombie."
268,영어Ⅱ,비상,2015,4,"One World, Many Ways","• 현재진행형(일시적 상태)
Nika is not being honest while Manfred is being genuine."
269,영어Ⅱ,비상,2015,5,How Far Will Technology Go?,"• 미래 진행시제
More complex analyses of Big Data will be changing the way health is assessed."
270,영어Ⅱ,비상,2015,6,The Landscape of Stories,"• 간접/직접 화법(명령문과 일반 의문문의 화법)
He asked her if she could read it for him."
271,영어,동아(이),2015,1,"Hi, High School!","• 동명사의 관용적 표현
There is no use worrying about failing."
272,영어,동아(이),2015,2,Delicious World,"• 독립부정사 구문
To be honest, she had egg on her face."
273,영어,동아(이),2015,3,Helping Hands,"• 분사구문
Having dinner with my family, I heard my phone ring."
274,영어,동아(이),2015,4,Be Nature Smart,"• that절에서 should의 생략
Governments recommend that we join hands to reduce light pollution."
275,영어,동아(이),2015,5,Beg to Differ,"• one of the+최상급+복수명사
Sumi was one of the smartest students in the class."
276,영어,동아(이),2015,6,Beyond Korea,"• could have p.p
None of them could have imagined the popularity that their paintings would later enjoy."
277,영어,동아(이),2015,7,A Step Forward,"• 목적격 보어로 to부정사를 취하는 동사
Winton persuaded complete strangers to take the children in."
278,영어,동아(이),2015,8,Bon Voyage,"• if가 생략된 가정법
Had we known the Northern Lights were this beautiful, we would have planned to stay here for a few more days."
279,영어 I,동아(권),2015,1,Invitation to a Teen’s Life,"• should have p.p.
Horrified, he whispered, “I should have known that!”"
280,영어 I,동아(권),2015,2,Taste Different Cultures,"• the same ~ as 구문
It contains the same amount of protein as an egg white."
281,영어 I,동아(권),2015,3,Live and Let Live,"• 대동사 do
Read the labels of products carefully to see if they contain palm oil, and try to avoid them if they do."
282,영어 I,동아(권),2015,4,Passion for Reading,"• 「with + 목적어 +분사」 구문
“Absolutely not, sir,” Sekhar said with his voice shaking."
283,영어 I,동아(권),2015,5,Discover the Future,"• 명사를 뒤에서 꾸며 주는 과거분사구
One of the most popular IoT applications is the use of sensors built into the roads."
284,영어 I,동아(권),2015,6,National Pride,"• without 가정법
Without it, the construction of the fortress would have taken much longer."
285,영어 II,동아(권),2015,1,Health Talks,"• never too ~ to부정사 
The good news is that it is never too late to start."
286,영어 II,동아(권),2015,2,Step into the World,"• 관계부사 where 
We passed by the harbor where some kids were taking a dip."
287,영어 II,동아(권),2015,3,The Joy of Language,"• 분사구문 
Having spent a lot of time looking at the blog, I checked my mailbox."
288,영어 II,동아(권),2015,4,Delight in Art,"• 조동사 ought to 
His tiger surprising its prey ought not to be missed."
289,영어 II,동아(권),2015,5,Living Together,"• 형식주어 it 
It is evident that his commitment is paying off."
290,영어 II,동아(권),2015,6,Find Your Dream,"• 동명사의 의미상의 주어 
It contributes to our understanding of both the physical and mental aspects of aging."
291,공통영어 I,동아(이),2022,1,Life Is Experience,"• 명사를 수식하는 과거분사
I came across an interesting university major called sports medicine."
292,공통영어 I,동아(이),2022,2,Journey Through the Pages,"• 접속사 as long as
As long as Big Brother is in power, the people of Oceania will never be free."
293,공통영어 I,동아(이),2022,3,Small Things Matter,"• 명사절 접속사 whether (or not)
They tell you about the material of the item and whether it can be recycled or not."
294,공통영어 I,동아(이),2022,4,Everyday Decisions,"• 가주어 it과 to부정사의 의미상 주어
It is common for stores to use this kind of price anchoring as a way to encourage purchases."
295,영어 I,동아(박),2022,1,Best Version of Me,"• 대동사 do
If you do, your genius will come for sure."
296,영어 I,동아(박),2022,2,Money Smart,"• suggest (that)+주어+동사원형
One of our club members suggested we offer customers free refills."
297,영어 I,동아(박),2022,3,Act for Our Planet,"• 접속사+분사구문
When taken together, they play a significant role in reducing CO2."
298,영어 I,동아(박),2022,4,Digital Well-Being,"• 복합관계대명사
Whenever you go online, your activities are saved as cookies on your computer."
299,영어 I,동아(박),2022,5,Beyond Boundaries,"• 5형식 동사+목적어+to부정사
This style also enables skiers to land at a safer speed, reducing the risk of injury."
300,영어 I,동아(박),2022,6,Better Together,"• so that+주어+can
Citizen scientists collect, classify, or analyze data so that scientists can use it for research."
301,영어,천재(이),2015,1,Opening a New chapter,"• 간접의문문 
 I was not sure if I could adapt to the new environment."
302,영어,천재(이),2015,2,The Power of Creativity,"• 관계대명사 what  
What Gutenberg did was view the two devices in a new way."
303,영어,천재(이),2015,3,Living Together,"• 가정법 과거 완료 
If I had had the ability myself, I would have been quieter."
304,영어,천재(이),2015,4,The Door to the World,"• 원급 비교  
You may not know as many as native speakers."
305,영어,천재(이),2015,5,"Our Earth, Our Future, Our Choice","• 관계부사  
When the sea stars were present, the ecosystem where they lived remained properly balanced."
306,영어,천재(이),2015,6,"Enjoy Art, Connect Hearts","• 도치 구문  
Little did he know that people would go to any length to connect with each other."
307,영어,천재(이),2015,7,Science in Our Daily Lives,"• with 부대 상황  
To make a kite fly, it is sometimes necessary to run with it behind you."
308,영어,천재(이),2015,8,Korean Culture: The Mirror of Our Hearts ,"• It is/was ... that 강조구문
Even though both teams tried their best, it was my team that won."
309,영어,천재(김),2015,1,"New Start, New Goals","• ｢should have+과거분사｣  
I should have asked for help from the beginning."
310,영어,천재(김),2015,2,How “Green” Are You?,"• 과거분사의 명사 수식  
We're going to listen to three people involved in upcycling."
311,영어,천재(김),2015,3,Together We Grow,"• 뒤에 -ing가 오는 표현  
It was no use calling her at home."
312,영어,천재(김),2015,4,Speak to Be Heard,"• 계속적 용법의 관계대명사  
Credibility comes from reliable sources, which include the results of recent studies."
313,영어,천재(김),2015,5,For a Better World,"• ｢with+목적어+분사｣  
I started reading the book with my heart beating very fast."
314,영어,천재(김),2015,6,Pack Up and Go,"• ｢as if+주어+과거동사｣  
I felt as if I were in Giant Land in Gulliver's Travels."
315,영어,천재(김),2015,7,Beyond Earth,"• What ... is ~.  
What I have to do is sweep them off every few days."
316,영어,천재(김),2015,8,Korean Culture Rediscovered,"• without을 이용한 가정법 과거완료  
Without these strict rules, the Sillok could not have gained credibility."
317,영어Ⅰ,천재(이),2015,1,"My Journey, My Life","• 분사구문
Reading his books, I found myself fascinated by his interesting stories."
318,영어Ⅰ,천재(이),2015,2, Art Around Us,"• 「It is/was … that」 강조
It was around the turn of the 20th century that Rousseau's paintings began to attract some young artists."
319,영어Ⅰ,천재(이),2015,3,Toward a Better Environment,"• 「with+명사+분사」
With the mixture growing in the mold, the mushroom packaging takes the shape of the mold."
320,영어Ⅰ,천재(이),2015,4, Living Together,"• 「so that ~ can/could ...」
The organization distributes the food to shelters so that they can feed the hungry."
321,영어Ⅰ,천재(이),2015,5,Culture as a Mirror of Our Lives,"• 관계대명사 계속적 용법
They replaced it with marble, which is the same material as the original stone."
322,영어Ⅰ,천재(이),2015,6,"Technology, What Defines Us as Humans","• 도치
As I have evolved, so has my understanding of the Three Laws."
323,영어 II,천재(이),2015,1,My School Days,"• 「의문사+to부정사」
During lunch break, we discussed whom to thank."
324,영어 II,천재(이),2015,2,Discover Cultures Around the World,"• 관계부사
That is why Ifrane is often referred to as ""Morocco's Switzerland."""
325,영어 II,천재(이),2015,3,Future of Money,"• 동명사의 관용적 표현
She had trouble following my instructions."
326,영어 II,천재(이),2015,4,"Bring Literature
into Your Life","• 접속사 if
He wondered if he should take back the shard, which the emissary had placed carefully on the table."
327,영어 II,천재(이),2015,5,ICT in Our Lives,"• 접속사 while
The amount of food produced can be maximized, while the impact on the environment can be minimized."
328,영어 II,천재(이),2015,6,"Reach Beyond
Ourselves","• 병렬 구조
The time has now come for the nation to turn a new page in Australia's history by righting the wrongs and so moving forward."
