textbook ID,학년,출판사(저자),교육과정,Lesson,Title,DESCRIPTION,KEY_EXPRESSION,KEY_EXPRESSION_Kor,SUB_EXPRESSION,SUB_EXPRESSION_Kor
801,중2,능률(김),2015,1,Express Yourself,주어 역할을 하는 동명사,Reading comics is fun after school.,만화를 읽는 것이 방과 후 즐거워요.,Walking in the park relaxes me. Cooking new recipes is exciting.,공원에서 걷는 것이 나를 편안하게 해요. 새로운 요리를 만드는 것이 신나요.
801,중2,능률(김),2015,2,"Eat Right, Be Happy",주격 관계대명사,What do teachers who work in our school serve for breakfast?,우리 학교에서 일하는 선생님들은 아침으로 무엇을 제공해요?,My friend who studies hard always submits assignments on time. My neighbor who loves music listens to a song every evening.,열심히 공부하는 내 친구는 항상 숙제를 제시간에 내요. 음악을 좋아하는 내 이웃은 매일 저녁에 노래를 들어요.
801,중2,능률(김),2015,3,Understand the World,현재완료,I have believed that nature holds many secrets.,나는 자연이 많은 비밀을 담고 있다고 믿어왔어요.,They have learned a lot from different cultures. I have traveled to many unique places.,그들은 다양한 문화에서 많은 것을 배워왔어요. 나는 많은 독특한 장소들을 여행해왔어요.
801,중2,능률(김),2015,4,Go Green Together,수동태,The used papers are collected by volunteers for recycling.,사용한 종이들이 재활용을 위해 자원봉사자들에게 수집돼요.,The expired food is given to the local farm by the supermarket. The old clothes are donated by neighbors to charity organizations.,유통기한이 지난 음식이 슈퍼마켓에 의해 지역 농장에 전달돼요. 오래된 옷들이 이웃들에 의해 자선 단체로 기부돼요.
801,중2,능률(김),2015,5,Give a Helping Hand,목적격 관계대명사,The gift that he gave to a friend changed someone's day.,그가 친구에게 준 선물이 누군가의 하루를 바꿨어요.,The meal that we shared warmed our hearts. The card that you sent brightened her mood.,우리가 함께 나눈 식사가 우리 마음을 따뜻하게 해줬어요. 당신이 보낸 카드가 그녀의 기분을 밝게 해줬어요.
801,중2,능률(김),2015,6,The Best Trip of Your Life,가주어 it It was nice to relax in a café and read them.,It was enjoyable to explore a bookshop and sip some coffee.,서점에서 책을 보고 커피를 마시는 것이 즐거웠어요.,It was wonderful to wander along the seaside and listen to the waves. It was relaxing to visit a museum and enjoy the art displays.,바닷가를 따라 거닐며 파도 소리를 듣는 것이 멋졌어요. 박물관을 방문하며 전시된 예술 작품을 감상하는 것이 편안했어요.
801,중2,능률(김),2015,7,On My Way to the Future,to부정사를 목적격 보어로 가지는 동사,Soo wants his friends to explore innovative ideas.,수는 친구들이 창의적인 아이디어를 탐구하길 원해요.,John urges his peers to embrace digital learning. Anna hopes her family to enjoy modern conveniences.,존은 친구들이 디지털 학습을 받아들이길 촉구해요. 애나는 가족이 현대적인 편리함을 즐기길 바라요.
802,중2,능률(양),2015,1,What Is Your Color?,which로 시작하는 의문문,Which movie do you watch on weekends?,어떤 영화를 주말에 봐요?,Which snack did you pick at the party? Which game do you play with your friends?,파티에서 어떤 간식을 골랐어요? 친구들과 어떤 게임을 해요?
802,중2,능률(양),2015,2,"Old Things, New Art",수동태,It was restored by local artisans.,지역 장인들에 의해 복원되었어요.,The sculpture was preserved by dedicated workers. The antique vase was admired by art lovers.,그 조각상은 헌신적인 일꾼들에 의해 보존되었어요. 그 앤티크 꽃병은 예술을 사랑하는 사람들에게 감탄 받았어요.
802,중2,능률(양),2015,3,"Go, Team!",형식 주어 It,It really matters to support your teammates.,동료들을 응원하는 것이 정말 중요해요.,It is crucial to help each other on the field. It remains essential to work together.,현장에서 서로 돕는 것이 매우 중요해요. 함께 협력하는 것이 계속해서 필수적이에요.
802,중2,능률(양),2015,4,Natural Weather Forecasters,과거부터 현재를 포함하는 현재완료,Have you watched the sky change before?,하늘이 변하는 걸 전에 본 적 있어요?,I have checked the forecast already. She has noticed the gentle wind today.,나는 벌써 일기예보를 확인했어요. 그녀는 오늘 부드러운 바람을 느꼈어요.
802,중2,능률(양),2015,5,How Healthy Are Your Habits?,관계대명사,I am a person who enjoys eating fruits.,나는 과일 먹는 것을 좋아하는 사람이에요.,She is someone who prefers jogging daily. They are people who choose healthy snacks.,그녀는 매일 조깅하는 것을 선호하는 사람이에요. 그들은 건강한 간식을 선택하는 사람이에요.
802,중2,능률(양),2015,6,Jobs Then and Now,간접의문문,Do you know how my uncle earned a living?,내 삼촌이 어떻게 생계를 유지했는지 알아요.,Can you tell what his neighbor did for work? Could you explain where your cousin worked?,그의 이웃이 어떤 일을 했는지 말해줄 수 있어요. 네 사촌이 어디에서 일했는지 설명해줄 수 있어요.
802,중2,능률(양),2015,7,Korean Wave Around the World,to부정사의 형용사적 용법,He found an article to read in the library.,그는 도서관에서 읽을 기사를 찾았어요.,They bought a ticket to see the concert. I have a plan to travel next summer.,그들은 콘서트를 보기 위해 티켓을 샀어요. 나는 내년에 여행할 계획이 있어요.
802,중2,능률(양),2015,8,"Beautiful Words, Better World",ask / tell + 목적어 + to부정사,She told her friend to paint the old wall.,그녀는 친구에게 낡은 벽을 칠하라고 말했어요.,He asked his teacher to explain the difficult grammar. They told us to study hard for the upcoming exam.,그는 선생님에게 어려운 문법을 설명해 달라고 부탁했어요. 그들은 우리에게 다가오는 시험을 위해 열심히 공부하라고 했어요.
803,중2,동아(윤),2015,1,My Happy Everyday Life,수여동사,You can also lend me your favorite book.,너의 좋아하는 책을 빌려줘요.,She can always give me kind words. They can also bring us tasty snacks.,그녀는 항상 친절한 말을 해줘요. 그들은 우리에게 맛있는 간식을 가져다줘요.
803,중2,동아(윤),2015,2,Enjoying Local Culture,have to,We have to try the traditional market food.,우리는 전통 시장 음식을 꼭 먹어봐야 해요.,You have to visit a local festival. They have to explore the ancient town.,너는 지역 축제를 꼭 방문해야 해요. 그들은 고풍스런 마을을 탐험해야 해요.
803,중2,동아(윤),2015,3,Ideas for Saving the Earth,수동태,The project was created by a young student.,그 프로젝트는 한 어린 학생에 의해 만들어졌어요.,The new idea was developed by the team. The plan was improved by experts.,새로운 아이디어는 팀에 의해 개발되었어요. 계획은 전문가들에 의해 개선되었어요.
803,중2,동아(윤),2015,4,The Amazing World of Animals,주격 관계대명사,Biologists who were analyzing animal habits designed an experiment.,동물 습관을 분석하던 생물학자들이 실험을 설계했어요.,Students who were passionate about nature visited the zoo. Volunteers who were caring for animals organized a fun event.,자연에 열정적이던 학생들이 동물원을 방문했어요. 동물을 돌보던 자원봉사자들이 즐거운 행사를 조직했어요.
803,중2,동아(윤),2015,5,Living Healthily and Safely,목적격 관계대명사,A health routine that I follow is morning jogging.,내가 따르는 건강한 생활은 아침 조깅이에요.,A person who exercises daily feels more energetic. A doctor that advises healthy eating prepared the meal plan.,매일 운동하는 사람은 기운이 더 넘쳐요. 건강한 식습관을 권하는 의사가 식단을 준비했어요.
803,중2,동아(윤),2015,6,"Different People, Different Views",지각동사＋목적어＋ing,I heard my neighbor singing on the rooftop.,나는 이웃이 옥상에서 노래하는 것을 들었어요.,Sam saw a man jogging in the park. Lily watched a friend sketching in the café.,샘은 공원에서 한 남자가 조깅하는 것을 봤어요. 릴리는 카페에서 친구가 스케치하는 것을 봤어요.
803,중2,동아(윤),2015,7,Life in Space,현재완료,I've visited a space camp.,나는 우주 캠프를 방문한 적이 있어요.,She has experienced zero gravity. He has learned about planets.,그녀는 무중력을 경험한 적이 있어요. 그는 행성들에 대해 배운 적이 있어요.
803,중2,동아(윤),2015,8,Pride of Korea,의문사를 포함한 간접의문문,Please tell me why she left the meeting early.,그녀가 왜 회의를 일찍 떠났는지 알려줘요.,Please tell me where the ceremony was held. Please tell me who organized the event.,행사가 어디서 열렸는지 알려줘요. 행사를 누가 주최했는지 알려줘요.
804,중2,동아(이),2015,1,Can We Talk?,to부정사,I want to help you express your feelings.,나는 당신이 감정을 표현하도록 돕고 싶어요.,She decided to share her story openly. We hope to listen to each other's thoughts carefully.,그녀는 자신의 이야기를 담대하게 나누기로 했어요. 우리는 서로의 생각을 주의 깊게 듣기를 바래요.
804,중2,동아(이),2015,2,Close to You,현재완료,My sister has been busy since morning.,내 여동생은 아침부터 바빴어요.,My brother has been excited since the game started. My friend has been creative since summer vacation.,내 동생은 경기가 시작된 이후로 신이 났어요. 내 친구는 여름 방학 이래로 창의적이었어요.
804,중2,동아(이),2015,3,The Music Goes,수동태,The song was written by a famous composer.,그 노래는 유명한 작곡가에 의해 쓰여졌어요.,The concert was attended by many fans. The album was praised by critics.,그 콘서트에는 많은 팬들이 참석했어요. 그 앨범은 평론가들에게 칭찬받았어요.
804,중2,동아(이),2015,4,Go for It!,주격 관계대명사,These are the students who solve every tricky problem.,이들은 모든 어려운 문제를 푸는 학생들이에요.,My friend is someone who studies hard every day. Our team is made up of members who never quit.,내 친구는 매일 열심히 공부하는 사람이에요. 우리 팀은 절대 포기하지 않는 구성원들로 이루어져 있어요.
804,중2,동아(이),2015,5,"Come One, Come",가주어 it,It is exciting to share my ideas with friends.,친구들과 내 생각을 나누는 것이 신나요.,It is interesting to learn new words every day. It is enjoyable to watch movies with my family.,매일 새로운 단어를 배우는 것이 재미있어요. 가족과 함께 영화를 보는 것이 즐거워요.
804,중2,동아(이),2015,6,Into Outer Space,동등 비교,A space station is about twice as large as a school.,우주 정거장은 학교보다 두 배나 커요.,A space walk is about twice as exciting as a park visit. A rocket launch is about three times as loud as a school bell.,우주 유영은 공원 방문보다 두 배나 신나요. 로켓 발사는 학교 종소리보다 세 배나 시끄러워요.
804,중2,동아(이),2015,7,Can I Trust It?,so ~ that,The book is so captivating that I read it in one sitting.,그 책이 너무 매력적이어서 한 번에 읽어버렸어요.,The game was so thrilling that we played it for hours. The meal was so delicious that I asked for a second serving.,그 게임이 너무 신나서 몇 시간 동안 계속 플레이했어요. 그 식사가 너무 맛있어서 한 번 더 주문했어요.
804,중2,동아(이),2015,8,Be Like Sherlock!,"something + 형용사, Is there something wrong?",There is something interesting about your idea.,네 아이디어에 뭔가 흥미로워요.,I found something peculiar near the park. Can you see something odd around here?,나는 공원 근처에서 뭔가 독특한 것을 발견했어요. 여기서 뭔가 이상한 것을 볼 수 있어요.
805,중2,비상,2015,1,Suit Your Taste!,동명사,Trying new recipes is fun.,새로운 레시피를 시도하는 것이 재미있어요.,Baking delicious cakes is satisfying. Drinking fruit smoothies is refreshing.,맛있는 케이크를 굽는 것이 만족스러워요. 과일 스무디를 마시는 것이 상쾌해요.
805,중2,비상,2015,2,Half a World Away,If 조건절,"If you find me, it will be your lucky moment.","만약 나를 찾는다면, 네게 행운의 순간이 올 거예요.","If you travel far, surprises await you. If you meet strangers, share a smile.","만약 멀리 여행한다면, 놀라움이 기다려요. 만약 낯선 사람을 만나면, 미소를 나눠요."
805,중2,비상,2015,3,"I Wonder Why, I Wonder How",수동태,The museum is preserved by the community.,박물관은 지역 사회에 의해 보존돼요.,The book is read by curious minds. The song is enjoyed by the listeners.,책은 호기심 많은 이들에 의해 읽혀요. 노래는 청취자들에 의해 즐겨져요.
805,중2,비상,2015,4,Your Only Limit Is You,주격 관계대명사,There are friends who help me quietly.,조용히 도와주는 친구들이 있어요.,There is a teacher who inspires everyone. There are students who study eagerly.,모두에게 영감을 주는 선생님이 계세요. 열심히 공부하는 학생들이 있어요.
805,중2,비상,2015,5,Explore Your Feelings!,현재완료,I have discovered new paths in life.,나는 인생에서 새로운 길을 발견했어요.,She has overcome many challenges with courage. He has embraced every moment of his journey.,그녀는 용기로 많은 도전을 극복했어요. 그는 자신의 여정의 모든 순간을 받아들였어요.
805,중2,비상,2015,6,Doors to the Wild,가주어(it)~진주어(to부정사),It is exciting to explore new trails.,새로운 길을 탐험하는 것은 신나요.,It is important to wear boots during the hike. It is thrilling to camp in the wilderness.,등산할 때 부츠를 신는 것이 중요해요. 야생에서 캠핑하는 것은 스릴 있어요.
805,중2,비상,2015,7,Art around Us,사역동사,The exhibition will make you appreciate art deeper.,그 전시회는 너로 하여금 예술을 더 깊이 감상하게 만들어요.,The tour will make you explore the museum further. This sculpture will make you think about beauty differently.,그 투어는 너로 하여금 박물관을 더 탐험하게 만들어요. 이 조각상은 너로 하여금 아름다움에 대해 다르게 생각하게 만들어요.
805,중2,비상,2015,8,Changes Ahead,so~that...can't... We were so tired that we could not go out.,The weather was so unpredictable that we couldn't plan our trip.,날씨가 너무 변덕스러워서 여행 계획을 세울 수 없었어요.,The road was so slippery that we had to drive slowly. The event was so surprising that everyone cheered.,도로가 너무 미끄러워서 천천히 운전해야 했어요. 행사가 너무 놀라서 모두 환호했어요.
806,중2,천재(이),2015,1,Off to a Good Start,주격 관계대명사,I need someone who listens to my ideas.,내 아이디어를 들어주는 사람이 필요해요.,She found a tutor who understands math. They met a teacher who inspires them.,그녀는 수학을 잘 이해해주는 튜터를 찾았어요. 그들은 영감을 주는 선생님을 만났어요.
806,중2,천재(이),2015,2,Connecting with the World,목적격 관계대명사,I met the friend whom I value the most at the school event.,나는 학교 행사에서 가장 소중하게 생각하는 친구를 만났어요.,I talked with the mentor whom I admire during the class. I thanked the teammate whom I support during the game.,나는 수업 시간에 가장 존경하는 멘토와 이야기했어요. 나는 경기 중에 가장 응원하는 팀원에게 감사를 표했어요.
806,중2,천재(이),2015,3,"Healthy Life, Happy Life",부정사 It ~ to  It is good to exercise regularly.,It is important to eat fruits daily.,과일을 매일 먹는 것이 중요해요.,It is fun to play outdoor games. It is easy to sleep early on weekends.,밖에서 게임하는 것이 재밌어요. 주말에 일찍 자는 것이 쉬워요.
806,중2,천재(이),2015,4,"Earth, Our Only Home",수동태,This plant was watered by our teacher.,이 식물은 우리 선생님에 의해 물을 주셨어요.,The landscape was admired by everyone. The community center was built by local volunteers.,그 경관은 모두에게 감탄 받았어요. 그 커뮤니티 센터는 지역 자원봉사자들에 의해 지어졌어요.
806,중2,천재(이),2015,5,Understanding Others,목적어 + 부정사 want/ask/tell + to,The teacher asked her student to consider different views.,선생님은 학생에게 다양한 관점을 고려해보도록 부탁했어요.,My friend wants me to listen more to her stories. The counselor told us to respect each other's opinions.,내 친구는 내게 그녀의 이야기를 더 잘 들어주길 원해요. 상담사는 우리에게 서로의 의견을 존중하라고 말했어요.
806,중2,천재(이),2015,6,Near and Dear,목적어 + 동사원형 make/have/let,I will let my friend have a small gift.,나는 친구에게 작은 선물을 갖게 해요.,She made her brother eat dinner early. My mom lets me choose my outfit every day.,그녀는 동생에게 일찍 저녁을 먹게 했어요. 엄마는 매일 내가 옷을 고르게 해요.
806,중2,천재(이),2015,7,A Life Full of Fun,현재완료,I have enjoyed biking in the park for two hours.,나는 두 시간 동안 공원에서 자전거 타기를 즐겼어요.,She has visited many new cafes around the city. They have explored various fun activities on weekends.,그녀는 도시 곳곳의 새로운 카페를 방문했어요. 그들은 주말마다 다양한 재미있는 활동을 탐험했어요.
806,중2,천재(이),2015,8,"Viva, South America",최상급,Machu Picchu is the most impressive site in South America.,마추픽추는 남미에서 가장 인상적인 명소예요.,The Amazon is the largest forest in the world. Rio de Janeiro is the most vibrant city in Brazil.,아마존은 세계에서 가장 큰 숲이에요. 리우데자네이루는 브라질에서 가장 생동감 있는 도시예요.
807,중2,천재(정),2015,1,Time to Start Again,부정사의 형용사적 용법,She has a book to read.,그녀는 읽을 책이 있어요.,I have homework to finish. He knows a place to relax.,나는 끝낼 숙제가 있어요. 그는 쉴 수 있는 곳을 알아요.
807,중2,천재(정),2015,2,I Love My Town!,접속사 if,They will enjoy music if they attend the local concert.,그들은 동네 콘서트에 가면 음악을 즐길 거예요.,He will relax if he visits the park. We will discover hidden gems if we walk around downtown.,그는 공원을 방문하면 쉴 거예요. 우리는 도심을 걸으면 숨겨진 보물을 찾을 거예요.
807,중2,천재(정),2015,3,"Be Active, Be Safe!",현재완료,I have attended the safety workshop before.,나는 예전에 안전 워크숍에 참석했어요.,I have learned first aid skills recently. I have improved my physical health over time.,나는 최근에 응급처치 기술을 배웠어요. 나는 시간이 지나면서 체력을 향상시켰어요.
807,중2,천재(정),2015,4,Memories in Your Heart,주격/목적격 관계대명사,Emily is a kind girl who loves adventures.,에밀리는 모험을 좋아하는 착한 소녀에요.,Lucas is a boy who studies hard every day. Sophia is a girl who enjoys reading books.,루카스는 매일 열심히 공부하는 소년이에요. 소피아는 책 읽는 것을 즐기는 소녀에요.
807,중2,천재(정),2015,5,Shapes Around Us,의문사 + 부정사,I don't know how to combine these shapes.,이 도형들을 어떻게 조합하는지 모르겠어요.,He doesn't know how to measure that shape. She doesn't know how to cut the paper precisely.,그는 그 도형을 어떻게 재는지 모르겠어요. 그녀는 종이를 정확하게 자르는 방법을 모르겠어요.
807,중2,천재(정),2015,6,Love the Earth,a few,I planted a few trees in my garden.,나는 정원에 나무 몇 그루를 심었어요.,She found a few reusable bags for shopping. He bought a few eco-friendly products online.,그녀는 쇼핑할 때 사용할 수 있는 재사용 가능한 가방 몇 개를 찾았어요. 그는 온라인으로 친환경 제품 몇 개를 구입했어요.
807,중2,천재(정),2015,7,A Step Inside the Culture,현재분사,It seems like an excited girl running along the river with colorful umbrellas.,형형색색 우산과 함께 강가를 달리는 신나는 소녀처럼 보여요.,He appears a relaxed teacher strolling through the campus with a gentle smile. It feels like a busy market bustling with vendors selling fresh produce.,도톰한 미소를 지으며 캠퍼스를 거니는 여유로운 선생님처럼 보여요. 신선한 농산물을 파는 상인들로 분주한 시장처럼 보여요.
807,중2,천재(정),2015,8,Design for All,so ~ that ... can’t,The shirt was so bright that I couldn’t see clearly.,그 셔츠는 너무 밝아서 잘 볼 수 없었어요.,The room was so noisy that we couldn't concentrate. The coffee was so hot that I couldn't hold the cup.,방이 너무 시끄러워서 집중할 수 없었어요. 커피가 너무 뜨거워서 컵을 쥘 수 없었어요.
808,중2,YBM(박),2015,1,Manage Yourself!,‘to’부정사의 형용사적 용법,She has a message to deliver.,그녀는 전달할 메시지가 있어요.,They found a reason to celebrate. We discovered a schedule to follow.,그들은 축하할 이유를 찾았어요. 우리는 따라야 할 스케줄을 발견했어요.
808,중2,YBM(박),2015,2,All about Safety,「의문사 + to부정사」 구문,I learned how to use a fire extinguisher.,나는 소화기를 사용하는 방법을 배웠어요.,He learned how to avoid accidents. She learned how to signal for help.,그는 사고를 피하는 방법을 배웠어요. 그녀는 도움을 청하는 방법을 배웠어요.
808,중2,YBM(박),2015,3,Living a Healthy Life,사역동사,It will make your body feel energized.,그것은 네 몸을 활기차게 해줄 거예요.,This exercise will help your mind relax. A good diet will make you feel revitalized.,이 운동은 네 마음을 편안하게 해줄 거예요. 건강한 식단은 네 기분을 새롭게 해줄 거예요.
808,중2,YBM(박),2015,4,To Be a Global Citizen!,주격 관계대명사,Global citizens are those who value everyone's culture.,글로벌 시민들은 모두의 문화를 소중하게 여겨요.,Many students are people who explore different languages. Teachers are individuals who inspire global understanding.,많은 학생들이 다양한 언어를 탐구해요. 선생님들은 세계적인 이해를 불러일으켜요.
808,중2,YBM(박),2015,5,"Different Countries, Different Cultures",수동태,This historic monument is respected by many visitors.,이 역사적인 기념물은 많은 방문객들에게 존경받아요.,The traditional festival is celebrated by the whole community. The famous museum is admired by art lovers.,전통 축제는 온 동네 사람들이 축하해요. 유명한 박물관은 미술 애호가들에게 칭찬받아요.
808,중2,YBM(박),2015,6,Wonders of Nature,「it + be동사 + 형용사 + to + 동사원형」 구문,It is essential to appreciate the unique colors of the sunset.,일몰의 독특한 색을 감상하는 것이 중요해요.,It is difficult to capture the beauty of the waterfall. It is exciting to explore hidden trails.,폭포의 아름다움을 담아내기 어려워요. 숨겨진 산책로를 탐험하는 것이 신나요.
808,중2,YBM(박),2015,7,Work on Your Dreams,「ask/want + 목적어 + to + 동사원형」 구문,My mentor wanted me to pursue an inspiring career.,나의 멘토는 나에게 영감을 주는 직업을 추구하라고 원했어요.,My professor asked us to prepare for future success. A good friend wanted me to keep working hard.,우리 교수님은 우리에게 미래의 성공을 준비하라고 부탁했어요. 좋은 친구는 나에게 계속 열심히 하라고 원했어요.
808,중2,YBM(박),2015,8,Science Is Making Big Changes,현재완료,Have you ever witnessed a real scientific experiment?,진짜 과학 실험을 목격해 본 적 있어요.,I have tried a cool experiment at school. We have seen science projects that amazed us.,학교에서 멋진 실험을 해 봤어요. 우리는 놀라운 과학 프로젝트를 본 적 있어요.
809,중2,YBM(송),2015,1,My Bucket List,형용사의 최상급,I believe that the piano has the most elegant tone of every instrument.,나는 피아노가 모든 악기 중에서 가장 우아한 소리를 낸다고 믿어요.,My friend said the violin has the prettiest melody among the strings. The trumpet produces the loudest sound in the band.,내 친구는 현악기 중에서 바이올린이 가장 예쁜 선율을 가지고 있다고 말했어요. 트럼펫은 밴드에서 가장 큰 소리를 내요.
809,중2,YBM(송),2015,2,Let’s Be Smart Smartphone Users,to' 부정사의 형용사적 용법,I need a tool to manage my time efficiently.,나는 내 시간을 효율적으로 관리하기 위한 도구가 필요해요.,She bought an app to organize her schedule. He designed a plan to upgrade his skills.,그녀는 일정을 정리하기 위한 앱을 샀어요. 그는 자신의 능력을 향상시키기 위한 계획을 세웠어요.
809,중2,YBM(송),2015,3,The School Club Activity Day,의문사 + 'to' 부정사,I learned how to prepare for fun activities.,나는 재미있는 활동을 준비하는 방법을 배웠어요.,He found out when to start the activities. She showed me where to meet the club members.,그는 활동을 시작할 때를 알아냈어요. 그녀는 동아리 멤버들을 만날 장소를 알려줬어요.
809,중2,YBM(송),2015,4,The Two Roads,현재완료,I have traveled far and wide.,나는 멀리 여기저기 여행했어요.,I have learned so much on my adventures. We have overcome many challenges.,나는 모험을 통해 많은 것을 배웠어요. 우리는 많은 도전을 이겨냈어요.
809,중2,YBM(송),2015,5,We Love Baseball,부가 의문문,"Ryan, you enjoy watching the game, don't you?",라이언은 경기를 즐겨보잖아요.,"Mina, the team plays very well, doesn't it? Mark, you practiced your swing, didn't you?",미나는 팀이 정말 잘 경기하잖아요. 마크는 스윙 연습을 했잖아요.
809,중2,YBM(송),2015,6,"New Places, New Experiences",so + 형용사/부사 + that + 주어 + 동사,The restaurant was so cozy that I stayed longer than planned.,그 식당이 너무 아늑해서 계획보다 오래 있었어요.,Her cooking is so amazing that everyone keeps coming back. The view was so breathtaking that people snapped lots of photos.,그녀의 요리가 너무 놀라워서 모두가 계속 찾아와요. 그 경치가 너무 아름다워서 사람들이 사진을 많이 찍었어요.
809,중2,YBM(송),2015,7,Living in the AI World,지각동사,I see robots moving along the sidewalk.,나는 인공지능 로봇이 인도를 걷는 것을 봐요.,I watch a drone flying above the city. I hear a computer buzzing in the office.,나는 도시 위로 드론이 날아가는 걸 봐요. 나는 사무실에서 컴퓨터가 윙윙거리는 소리를 들어요.
809,중2,YBM(송),2015,8,The Unknown Hero,want/ask/tell/press + 목적어 + to 부정사,My teacher asked me to complete the homework.,내 선생님이 숙제를 하라고 부탁했어요.,She wants her friend to join the debate club. The manager told his team to practice every day.,그녀는 친구가 토론 동아리에 참여하기를 원해요. 매니저는 팀에게 매일 연습하라고 말했어요.
809,중2,YBM(송),2015,9,Manners Make the Man,관계부사,People became kind when they understood the importance of respect.,사람들은 존중의 중요성을 이해할 때 친절해졌어요.,He feels proud when he practices good manners at school. They smile warmly when they greet their teachers.,그는 학교에서 예의 바르게 행동할 때 자부심을 느껴요. 그들은 선생님을 인사할 때 따뜻하게 웃어요.
801,중2,능률(김),2015,1,Express Yourself,감각을 나타내는 동사,My photos look brighter when I use natural light.,내 사진은 자연광을 쓸 때 더 밝게 보여요.,My self-portrait feels more lively with a colorful background. My sketches appear smoother when I use fine pencils.,내 초상화는 알록달록한 배경으로 더 생동감 있어 보여요. 내 스케치는 미세한 연필로 그릴 때 더 부드럽게 보여요.
801,중2,능률(김),2015,2,"Eat Right, Be Happy",빈도부사,An apple is a fruit that is red. I often drink milk in the morning.,사과는 빨간 과일이에요. 나는 아침에 자주 우유를 마셔요.,A pear is a fruit that is green. I usually eat bread during lunch. A strawberry is a fruit that is small. I always have juice after dinner.,배는 초록색 과일이에요. 나는 점심때 보통 빵을 먹어요. 딸기는 작은 과일이에요. 나는 저녁 후에 항상 주스를 마셔요.
801,중2,능률(김),2015,3,Understand the World,결과를 나타내는 so ~ that 구문,The museum was so huge that I got lost.,박물관이 너무 커서 길을 잃었어요.,My friend was so excited that he jumped with joy. The book was so interesting that I read it twice.,내 친구가 너무 신나서 기쁨에 뛰었어요. 그 책이 너무 흥미로워서 두 번 읽었어요.
801,중2,능률(김),2015,4,Go Green Together,비교급을 강조하는 표현,The shrubs thrive much quicker than those in the wild.,관목들이 야생에 있는 것보다 훨씬 빠르게 번성해요.,The trees absorb sunlight faster than the garden plants. The vegetable crops grow much larger than those in urban gardens.,나무들이 정원의 식물들보다 더 빨리 햇빛을 흡수해요. 채소 작물들이 도시 정원에 있는 것보다 훨씬 크게 자라요.
801,중2,능률(김),2015,5,Give a Helping Hand,감정을 나타내는 과거분사,I was moved by a kind act of help.,친절한 도움에 감동 받았어요.,They felt relieved after receiving help. He was encouraged by the supportive team.,도움을 받고 나서 안도했어요. 지원하는 팀에 격려 받았어요.
801,중2,능률(김),2015,6,The Best Trip of Your Life,간접의문문,I wonder where the best viewpoint is.,나는 가장 멋진 전망대가 어디 있는지 궁금해요.,He asked where the local market was. She asked where the famous bridge could be found.,그는 동네 시장이 어디 있는지 물었어요. 그녀는 유명한 다리가 어디 있는지 물었어요.
801,중2,능률(김),2015,7,On My Way to the Future,조건을 말하는 if절,"If you work hard and never give up, success will be yours.","열심히 노력하고 절대 포기하지 않으면, 성공이 찾아올 거예요.","If you study every day, you become more confident. If you take small steps, progress is sure.",매일 공부하면 자신감이 생겨요. 작은 발걸음을 내딛으면 발전이 보장돼요.
802,중2,능률(양),2015,1,What Is Your Color?,자신’이라는 뜻을 지니는 재귀대명사,Why don't you believe in yourself?,자신을 믿어보는 건 어때요?,"Can you trust yourself a little more? Sometimes, you must enjoy time with yourself.",조금 더 자신을 믿어봐요. 때로는 혼자 있는 시간도 즐겨봐요.
802,중2,능률(양),2015,2,"Old Things, New Art",not only ~ but also ~ 구문,She created not only vibrant paintings but also inspiring sculptures.,그녀는 생동감 있는 그림뿐만 아니라 영감을 주는 조각품도 만들었어요.,He designs not only remarkable crafts but also unique decorations. They produced not only creative drawings but also clever repurposed art.,그는 주목할 만한 공예품뿐만 아니라 독특한 장식도 디자인해요. 그들은 창의적인 그림뿐만 아니라 영리하게 재활용한 예술 작품도 만들었어요.
802,중2,능률(양),2015,3,"Go, Team!",형용사를 수식하는 enough,Linda is skilled enough to join the class.,린다는 반에 들어갈 만큼 실력이 있어요.,Tom is brave enough to try new things. Sara is talented enough to lead the project.,톰은 새로운 것을 시도할 만큼 용감해요. 사라는 프로젝트를 이끌 만큼 재능이 있어요.
802,중2,능률(양),2015,4,Natural Weather Forecasters,목적과 의도의 ‘so that ~’,The bird sings loudly so that it can attract a mate.,새가 짝을 끌기 위해 크게 노래해요.,The farmer waters the garden so that the crops grow well. The child reads a book so that she can learn new words.,농부는 작물이 잘 자라도록 정원을 물줘요. 그 아이는 새로운 단어를 익히기 위해 책을 읽어요.
802,중2,능률(양),2015,5,How Healthy Are Your Habits?,had better (not) ... You’d better follow the guidelines.,You'd better eat fruits every morning.,아침마다 과일을 먹는 게 좋겠어요.,You'd better exercise for at least 30 minutes. She had better avoid sugary drinks.,최소 30분 동안 운동하는 게 좋겠어요. 그녀는 설탕 음료를 피하는 게 좋겠어요.
802,중2,능률(양),2015,6,Jobs Then and Now,도치 구문,Here are some of the most admired jobs.,여기 가장 존경받는 직업들이 있어요.,Rarely do these careers offer easy work. Seldom does the company hire without careful planning.,이런 직업들이 쉬운 일만 주는 경우는 드물어요. 회사가 신중하게 계획하지 않고 채용하는 일은 거의 없어요.
802,중2,능률(양),2015,7,Korean Wave Around the World,강한 추측의 조동사,You must love listening to K-pop music.,너는 케이팝 음악 듣는 것을 정말 좋아할 거예요.,He must have watched a popular K-drama. She must follow the latest Korean trends.,그는 인기 있는 케이팡 드라마를 봤을 거예요. 그녀는 최신 한국 트렌드를 따르고 있어요.
802,중2,능률(양),2015,8,"Beautiful Words, Better World",a few / few + 복수명사,There were a few books that the student did not return on time.,학생이 제때 돌려주지 못한 책이 조금 있었어요.,There were a few flowers that the gardener did not water. There were few signs that indicated the right direction.,정원사가 물 주지 않은 꽃이 조금 있었어요. 올바른 방향을 가리키는 신호가 거의 없었어요.
803,중2,동아(윤),2015,1,My Happy Everyday Life,both A and B,Both my friend and I ride bicycles to school.,나의 친구와 저는 자전거를 타고 학교에 가요.,Both my teacher and I share a love for music. Both my parents and I cook together on weekends.,나의 선생님과 저는 음악을 좋아해요. 나의 부모님과 저는 주말마다 함께 요리해요.
803,중2,동아(윤),2015,2,Enjoying Local Culture,to부정사의 부사적 용법,We need to study hard to achieve our goals.,우리는 목표를 이루기 위해 열심히 공부해야 해요.,I practice English to join a school club. She visits museums to learn about history.,나는 학교 동아리에 들어가기 위해 영어를 연습해요. 그녀는 역사를 배우기 위해 박물관을 방문해요.
803,중2,동아(윤),2015,3,Ideas for Saving the Earth,want＋목적어＋to부정사,I want my friends to help protect nature.,나는 내 친구들이 자연을 보호하길 원해요.,She wants her brother to join the recycling club. They want us to explore creative ways to reduce waste.,그녀는 동생이 재활용 동아리에 가입하길 원해요. 그들은 우리가 쓰레기를 줄이는 창의적인 방법을 모색하길 원해요.
803,중2,동아(윤),2015,4,The Amazing World of Animals,접속사 if,"If you believe these creatures have secret powers, think again.","이 생물들이 비밀스러운 힘을 가지고 있다고 믿으면, 다시 생각해봐요.","If you explore the jungle, you will meet incredible animals. If you watch closely, the cheetah runs swiftly.","정글을 탐험하면, 놀라운 동물들을 만날 거예요. 자세히 보면, 치타가 빠르게 달려요."
803,중2,동아(윤),2015,5,Living Healthily and Safely,call A B,We call this park a sanctuary.,우리는 이 공원을 성역이라고 불러요.,I call fresh air a treasure. They call walking a medicine.,나는 신선한 공기를 보물이라고 불러요. 그들은 걷기를 약이라고 불러요.
803,중2,동아(윤),2015,6,"Different People, Different Views",so ~ that ... Icarus was so excited that he forgot his father's warning.,Tom was so surprised that he missed his bus.,톰은 너무 놀라서 버스를 놓쳤어요.,Lisa was so happy that she shared her lunch. Mike was so tired that he skipped his homework.,리사는 너무 기뻐서 점심을 나눴어요. 마이크는 너무 피곤해서 숙제를 건너뛰었어요.
803,중2,동아(윤),2015,7,Life in Space,"It ~ to부정사, It's difficult to walk on Earth.",It is challenging to stay calm in zero gravity.,무중력 상태에서 침착함을 유지하는 것이 어려워요.,It is fun to explore new planets. It is important to study space science.,새로운 행성을 탐험하는 것이 재미있어요. 우주 과학을 공부하는 것이 중요해요.
803,중2,동아(윤),2015,8,Pride of Korea,because of,I learned many new things because of a great teacher.,훌륭한 선생님 덕분에 많은 것을 배웠어요.,She improved her skills because of constant practice. They gained confidence because of supportive comments.,그녀는 끊임없는 연습 덕분에 실력이 늘었어요. 그들은 격려하는 말 덕분에 자신감을 얻었어요.
804,중2,동아(이),2015,1,Can We Talk?,"명령문, and/or","Speak slowly, or your friends may not catch your words.","천천히 말해요, 그렇지 않으면 친구들이 당신의 말을 듣지 못할 거예요.","Listen carefully, and answer my questions. Focus on your tone, or you might lose the listener's attention.","주의 깊게 들어요, 그리고 제 질문에 대답해요. 말투에 집중해요, 그렇지 않으면 상대방의 집중을 잃을 수 있어요."
804,중2,동아(이),2015,2,Close to You,ask + 목적어 + to부정사,I asked the librarian to find a book.,나는 도서관 사서에게 책을 찾아달라고 부탁했어요.,He asked the teacher to explain the assignment. They asked the nurse to check the temperature.,그는 선생님에게 과제를 설명해 달라고 부탁했어요. 그들은 간호사에게 열을 재 달라고 부탁했어요.
804,중2,동아(이),2015,3,The Music Goes,접속사 if,"If you enjoy pop music, you will appreciate classical tunes.","만약 팝 음악을 즐긴다면, 클래식 멜로디를 감상할 거예요.","If you practice every day, progress will follow. If you take small steps, change will happen.","만약 매일 연습한다면, 발전이 따를 거예요. 만약 작은 걸음을 내딛는다면, 변화가 생길 거예요."
804,중2,동아(이),2015,4,Go for It!,최상급,This park is the greenest area in the city.,이 공원은 도시에서 가장 푸르러워요.,That mountain is the steepest in our town. This bridge is the oldest in our district.,저 산은 우리 마을에서 가장 가파워요. 이 다리는 우리 동네에서 가장 오래됐어요.
804,중2,동아(이),2015,5,"Come One, Come",지각동사,I can see dancers gliding across the stage.,나는 무대 위를 미끄러지듯 걷는 무용수들을 볼 수 있어요.,He can hear the wind whispering through the trees. They can see fireworks lighting up the night sky.,그는 나무 사이로 속삭이는 바람 소리를 들을 수 있어요. 그들은 밤하늘을 밝히는 불꽃놀이를 볼 수 있어요.
804,중2,동아(이),2015,6,Into Outer Space,접속사 although,"Although many rockets are launched each year, none have reached deep space.","비록 매년 많은 로켓이 발사되지만, 아무도 깊은 우주에 도달하지 못했어요.","Although telescopes are advanced, stars remain distant. Although astronauts train hard, space travel is very challenging.","비록 망원경은 발전했지만, 별들은 여전히 멀어요. 비록 우주 비행사들은 열심히 훈련하지만, 우주여행은 정말 어려워요."
804,중2,동아(이),2015,7,Can I Trust It?,목적격 관계대명사,The film earned an award which impressed everyone.,그 영화는 모든 사람을 놀라게 한 상을 받았어요.,The product received a review which boosted its sales. The director crafted a scene which captivated the audience.,그 제품은 매출을 올리게 한 리뷰를 받았어요. 그 감독은 관객을 사로잡은 장면을 만들었어요.
804,중2,동아(이),2015,8,Be Like Sherlock!,간접의문문,Could you tell me where the museum is?,박물관이 어디에 있는지 말해 줄 수 있어요.,Could you tell me what time the train arrived? Could you tell me how long the concert lasted?,기차가 몇 시에 도착했는지 말해 줄 수 있어요? 콘서트가 얼마나 길게 이어졌는지 말해 줄 수 있어요?
805,중2,비상,2015,1,Suit Your Taste!,동사+목적어+형용사,My friend makes me joyful.,내 친구가 나를 즐겁게 해요.,My hobby makes me excited. This song makes me relaxed.,내 취미가 나를 신나게 해요. 이 노래가 나를 편안하게 해요.
805,중2,비상,2015,2,Half a World Away,동사+목적어+to부정사,They want their books to look interesting.,그들은 자기 책들이 흥미롭게 보이길 원해요.,I want my notebooks to stay neat. We need our desks to become organized.,나는 내 공책이 깔끔하게 유지되길 원해요. 우리는 우리 책상이 정돈되길 필요해요.
805,중2,비상,2015,3,"I Wonder Why, I Wonder How",to부정사의 형용사적 용법,She has the ability to solve a puzzle.,그녀는 퍼즐을 풀 수 있는 능력이 있어요.,John has the ability to run fast. We have the ability to draw cute pictures.,존은 빨리 달릴 수 있는 능력이 있어요. 우리는 귀여운 그림을 그릴 수 있는 능력이 있어요.
805,중2,비상,2015,4,Your Only Limit Is You,지각동사,Lisa hears the teacher humming a cheerful tune.,리사는 선생님이 즐겁게 노래하는 것을 들어요.,Tom noticed the student laughing in the hallway. Anna watched the man reading a book quietly.,톰은 복도에서 학생이 웃고 있는 것을 알아챘어요. 안나는 남자가 조용히 책을 읽는 것을 봤어요.
805,중2,비상,2015,5,Explore Your Feelings!,목적격 관계대명사,I know a place that reveals true emotions.,나는 진짜 감정을 드러내는 곳을 알아요.,She discovered a park that inspires calm. We met a friend who understands our dreams.,그녀는 마음을 차분하게 하는 공원을 발견했어요. 우리는 우리의 꿈을 이해하는 친구를 만났어요.
805,중2,비상,2015,6,Doors to the Wild,원급 비교,My smile is as warm as the sunshine.,내 미소는 햇살만큼 따뜻해요.,His courage is as strong as a lion's. Our friendship is as beautiful as a sunset.,그의 용기는 사자처럼 강해요. 우리의 우정은 일몰처럼 아름다워요.
805,중2,비상,2015,7,Art around Us,간접의문문,Could you tell me where the painting is displayed?,그 그림이 전시되어 있는 곳을 말해 줄 수 있어요?,I wonder where the gallery is located. She asked me where the art show starts.,그 갤러리가 어디에 있는지 궁금해요. 그녀는 미술 전시회가 어디서 시작되는지 물어봤어요.
805,중2,비상,2015,8,Changes Ahead,현재[과거] 분사,The spicy noodles were delicious.,매콤한 국수가 맛있었어요.,The roasted vegetables looked perfect. The hot soup warmed my heart.,구운 야채는 완벽해 보여요. 뜨거운 수프가 마음을 따뜻하게 해요.
806,중2,천재(이),2015,1,Off to a Good Start,접속사 조건,"If I finish my homework quickly, I will watch a movie.",숙제를 빨리 끝내면 영화를 볼 거예요.,"If the weather is clear, I will ride my bike. If I save money, I will buy a new game.",날씨가 맑으면 자전거를 탈 거예요. 돈을 모으면 새 게임을 살 거예요.
806,중2,천재(이),2015,2,Connecting with the World,의문사 + 부정사,I can't decide where to travel next.,다음에 어디로 여행갈지 결정하지 못해요.,She can't decide which book to read. They can't decide when to join the club.,그녀는 어떤 책을 읽을지 결정하지 못해요. 그들은 언제 동아리에 참여할지 정하지 못해요.
806,중2,천재(이),2015,3,"Healthy Life, Happy Life",형용사 역할을 하는 부정사,I found a snack to enjoy during break.,쉬는 시간에 즐길 간식을 찾았어요.,She brought a book to read after class. They prepared a plan to follow for a healthy habit.,그녀는 수업 후에 읽을 책을 가져왔어요. 그들은 건강한 습관을 위해 따를 계획을 준비했어요.
806,중2,천재(이),2015,4,"Earth, Our Only Home",원급 비교,The forest is as vast as my dreams.,숲은 내 꿈만큼 넓어요.,The ocean is as deep as ancient tales. The hill is as green as spring.,바다는 옛 이야기만큼 깊어요. 언덕은 봄만큼 푸르러워요.
806,중2,천재(이),2015,5,Understanding Others,"접속사 before/after (Before she has breakfast, Dora puts on her uniform.","Before he goes to school, he feeds his pet.",그는 학교 가기 전에 애완동물에게 먹이를 줘요.,"Before dinner, she practices her guitar. After her class, she writes in her diary.",그녀는 저녁 먹기 전에 기타를 연습해요. 그녀는 수업이 끝난 후에 일기를 써요.
806,중2,천재(이),2015,6,Near and Dear,부정사 too ~ to,She is too young to drive a car.,그녀는 차를 운전하기에 너무 어려요.,The student is too tired to study. The baby is too small to climb the slide.,그 학생은 공부하기에 너무 피곤해요. 그 아기는 미끄럼틀 오르기에 너무 작아요.
806,중2,천재(이),2015,7,A Life Full of Fun,명사를 꾸미는 분사,Look at the smiling kids by the fountain.,분수대 옆에서 웃고 있는 아이들을 봐요.,Notice the shining balloons at the party. See the dancing performers on the stage.,파티에서 반짝이는 풍선들을 봐요. 무대 위에서 춤추는 공연자들을 봐요.
806,중2,천재(이),2015,8,"Viva, South America",간접의문문,I wonder when the bus arrives.,버스가 언제 도착하는지 궁금해요.,She asked what time the movie starts. They wondered where the concert would be held.,그녀는 영화가 몇 시에 시작하는지 물어봤어요. 그들은 콘서트가 어디서 열리는지 궁금해했어요.
807,중2,천재(정),2015,1,Time to Start Again,접속사 that I think (that) I lost it.,I believe that I left my bag at school.,나는 학교에 내 가방을 두고 온 것 같아요.,I think that I missed the school bus. I feel that I lost my wallet.,나는 학교 버스를 놓친 것 같아요. 나는 내 지갑을 잃어버린 것 같아요.
807,중2,천재(정),2015,2,I Love My Town!,지각동사,I saw the children play in the park.,나는 공원에서 아이들이 노는 것을 봤어요.,I heard the church bells chime at noon. I saw the market vendors arrange fresh fruits.,나는 정오에 교회 종소리를 들었어요. 나는 시장 상인들이 신선한 과일을 정리하는 것을 봤어요.
807,중2,천재(정),2015,3,"Be Active, Be Safe!",접속사 though,"Though he is not always exercising, he looks healthy.",그는 항상 운동하지 않아도 건강해 보여요.,"Though the team is not perfect, they train hard. Though our school is small, we play actively.",팀은 완벽하지 않아도 열심히 훈련해요. 우리 학교는 작지만 활발하게 놀아요.
807,중2,천재(정),2015,4,Memories in Your Heart,관계대명사의 생략,This place you visited is amazing.,네가 방문했던 이 곳은 놀라워요.,The movie you watched made you happy. The photo you took brings back memories.,네가 본 영화는 너를 행복하게 만들었어요. 네가 찍은 사진은 추억을 불러일으켜요.
807,중2,천재(정),2015,5,Shapes Around Us,형식 문장 형용사 보어,Triangle decided to make the garden brighter.,삼각형은 정원을 더 밝게 만들기로 했어요.,Rectangle planned to make the schoolyard safer. Circle hoped to make the hall cleaner.,직사각형은 운동장을 더 안전하게 만들려고 했어요. 원은 복도를 더 깨끗하게 만들기를 바랐어요.
807,중2,천재(정),2015,6,Love the Earth,수동태,The park was cleaned by all residents.,공원이 모든 주민들에 의해 청소되었어요.,Recycling bins were installed by the city. The water was conserved by each family.,도시에 의해 재활용 쓰레기통이 설치되었어요. 각 가정에 의해 물이 절약되었어요.
807,중2,천재(정),2015,7,A Step Inside the Culture,부정사,I find it hard to read ancient scripts.,저는 고대 문서를 읽는 것이 어렵다고 생각해요.,It is important to explore cultural traditions. It is fun to visit historical museums.,문화 전통을 탐험하는 것이 중요해요. 역사 박물관을 방문하는 것이 재미있어요.
807,중2,천재(정),2015,8,Design for All,사역동사,The teacher made us design a creative poster.,선생님이 우리에게 창의적인 포스터를 디자인하게 만들었어요.,The instructor made us create simple sketches. The mentor let the students arrange colorful designs.,선생님이 우리에게 간단한 스케치를 하게 만들었어요. 멘토가 학생들에게 다채로운 디자인을 배열하게 했어요.
808,중2,YBM(박),2015,1,Manage Yourself!,접속사 ‘that’,I believe that improving my skills every day matters.,나는 매일 내 능력을 향상시키는 것이 중요하다고 믿어요.,I feel that planning my day well leads to success. I know that learning from mistakes refines my character.,나는 내 하루를 잘 계획하는 것이 성공으로 이어진다고 느껴요. 나는 실수에서 배우는 것이 내 인격을 다듬어 준다고 알아요.
808,중2,YBM(박),2015,2,All about Safety,「as + 형용사/부사 + as」,I was as careful as my friend.,나는 친구만큼 조심했어요.,I stayed as alert as a guard. I felt as safe as being at home.,나는 경비원만큼 경계했어요. 나는 집에 있는 것처럼 안전했어요.
808,중2,YBM(박),2015,3,Living a Healthy Life,조건절,"If you exercise and sleep well every night, you will feel more energetic.","만약 매일 운동하고 밤마다 잘 자면, 기운이 더 날 거예요.","If you drink water regularly, your skin will glow. If you walk outside, you will enjoy fresh air.","만약 규칙적으로 물을 마시면, 피부가 빛날 거예요. 만약 밖에서 산책하면, 신선한 공기를 즐길 거예요."
808,중2,YBM(박),2015,4,To Be a Global Citizen!,「something/anything/nothing + 형용사」,I did something incredible during class.,나는 수업 시간에 뭔가 놀라운 일을 했어요.,He did anything remarkable at the contest. We did nothing ordinary in the project.,그는 경연 대회에서 뭔가 인상적인 일을 했어요. 우리는 프로젝트에서 보통의 일을 하지 않았어요.
808,중2,YBM(박),2015,5,"Different Countries, Different Cultures",「so + 형용사/부사 + that + 주어 + 동사」 구문,It was so interesting that I learned a lot about different cultures.,너무 흥미로워서 다양한 문화에 대해 많이 배웠어요.,The food was so spicy that I had to ask for water. The museum was so impressive that I felt inspired.,음식이 너무 매워서 물을 부탁했어요. 박물관이 너무 인상적이어서 감명을 받았어요.
808,중2,YBM(박),2015,6,Wonders of Nature,「not only + A + but also + B」 구문,Not only the sparkling stars but also the glowing moon illuminated the night sky.,반짝이는 별들뿐만 아니라 빛나는 달도 밤하늘을 밝혔어요.,Not only gentle breezes but also soft rains cooled the summer air. Not only vibrant flowers but also lush green leaves beautified the garden.,부드러운 산들바람뿐만 아니라 부드러운 비도 여름 공기를 식혔어요. 활기찬 꽃들뿐만 아니라 풍부한 녹색 잎들도 정원을 아름답게 했어요.
808,중2,YBM(박),2015,7,Work on Your Dreams,목적격 관계대명사,I will be a writer who readers admire.,나는 독자들이 존경하는 작가가 될 거예요.,She will be a singer who everyone loves. They will be leaders who inspire change.,그녀는 모두가 사랑하는 가수가 될 거예요. 그들은 변화를 불러일으키는 리더가 될 거예요.
808,중2,YBM(박),2015,8,Science Is Making Big Changes,조동사 ‘may’,Let's imagine our future may be brighter.,우리 미래가 더 밝을 지도 몰라요.,Our world may become more connected. Students may explore advanced technologies.,우리 세상이 더 연결될지도 몰라요. 학생들이 첨단 기술을 탐구할지도 몰라요.
809,중2,YBM(송),2015,1,My Bucket List,to' 부정사의 부사적 용법,I practice English every day to improve my skills.,나는 내 실력을 향상시키기 위해 매일 영어 공부해요.,She writes notes to remember important lessons. We review our mistakes to avoid repeating them.,그녀는 중요한 수업 내용을 기억하기 위해 노트를 써요. 우리는 실수를 반복하지 않기 위해 복습해요.
809,중2,YBM(송),2015,2,Let’s Be Smart Smartphone Users,사역동사,The app makes my eyes feel uncomfortable when I use it for too long.,그 앱은 너무 오래 사용하면 제 눈이 불편해져요.,The bright screen makes my eyes feel strained during long reading sessions. The small font makes my eyes struggle to focus.,밝은 화면은 오래 읽을 때 제 눈이 피로해지게 만들어요. 작은 글씨는 제 눈이 집중하기 어렵게 만들어줘요.
809,중2,YBM(송),2015,3,The School Club Activity Day,주격 관계대명사,Anyone who loves music can join the school band.,음악을 좋아하는 사람은 누구나 학교 밴드에 참여해요.,Anyone who is interested in art can attend the workshop. Anyone who enjoys dancing can practice with the club.,미술에 관심 있는 사람은 누구나 워크숍에 참석해요. 춤추는 것을 즐기는 사람은 누구나 클럽과 함께 연습해요.
809,중2,YBM(송),2015,4,The Two Roads,접속사 'if',"If you venture into the unknown, you may discover hidden paths.","만약 미지의 길을 모험하면, 숨겨진 길을 발견할지도 몰라요.","If the day is bright, we take a new route. If you feel tired, try the shorter road.","만약 날이 밝으면, 우리는 새로운 길을 선택해요. 만약 피곤하면, 짧은 길을 선택해요."
809,중2,YBM(송),2015,5,We Love Baseball,수동태,The ball was caught by the shortstop.,쇼트스톱이 공을 잡았어요.,The home run was celebrated by the fans. The game was enjoyed by many spectators.,팬들이 홈런을 축하했어요. 많은 관중들이 경기를 즐겼어요.
809,중2,YBM(송),2015,6,"New Places, New Experiences",목적격 관계대명사,We enjoyed a meal from the restaurant that I recommended last week.,지난주 내가 추천한 식당에서 식사를 즐겼어요.,She bought a souvenir from the shop that we visited. They had coffee from the cafe that we explored.,그녀는 우리가 방문한 가게에서 기념품을 샀어요. 그들은 우리가 탐험한 카페에서 커피를 마셨어요.
809,중2,YBM(송),2015,7,Living in the AI World,가주어 'it',It is amazing that technology helps us communicate.,기술이 우리에게 소통할 수 있게 해줘서 놀라워요.,It is wonderful that machines can solve problems. It is clear that AI makes our lives easier.,기계들이 문제를 해결할 수 있다니 정말 멋져요. 인공지능이 우리의 삶을 편하게 해줘서 분명해요.
809,중2,YBM(송),2015,8,The Unknown Hero,"현재분사, 과거분사","Guided by his efforts, our library is filled with welcoming readers.",그의 노력에 힘입어 우리 도서관은 따뜻한 독자들로 가득해요.,"Inspired by his actions, our museum is filled with curious visitors. Encouraged by his spirit, our cafe remains loved by the community.","그의 행동에 감명받아, 우리 박물관은 호기심 많은 방문객들로 가득해요. 그의 정신에 용기를 얻어, 우리 카페는 지역사람들에게 사랑받아요."
809,중2,YBM(송),2015,9,Manners Make the Man,간접의문문,I wonder what new trends will emerge this season.,나는 이번 시즌에 어떤 새로운 트렌드가 나타날지 궁금해요.,She asked how the event might change the city. They wondered where the next performance would be held.,그녀는 그 행사가 도시를 어떻게 변화시킬지 물어봤어요. 그들은 다음 공연이 어디서 열릴지 궁금해했어요.
