학습목표,Quiz 1,Korean 1,Option 1-1,Option 1-2,Option 1-3,Answer 1,Index 1,Quiz 2,Korean 2,Option 2-1,Option 2-2,Option 2-3,Answer 2,Index 2,샘플 스크립트 (영어),샘플 스크립트 (한국어)
"만날 때 인사하는 표현을 사용할 수 있어요.
You can greet someone using expressions like Hello and Hi!.",___ there!,"저기, 안녕!",Hello,Hi,Hey,Hi,2,___!,안녕!,Hey,Hello,Goodbye,Hello,2,"A: Hi there! B: Hey, it's been a while. A: Hello! How have you been? B: I've been doing great.","A: 안녕, 저기! B: 야, 오랜만이야. A: 안녕! 잘 지냈어? B: 난 잘 지내고 있어."
"극존칭 표현을 통해 정중하게 요청하고 긍정적으로 응답할 수 있어요.
You can use honorific expressions to make requests and respond positively.","A: ___, please. B: Sure.","A: 앉으세요, 부탁합니다. B: 네.",Stand up,Sit down,Lie down,Sit down,2,A: Please ___ a seat. B: Certainly.,A: 제발 자리에 앉으세요. B: 물론입니다.,make,take,offer,take,2,"A: Please have a seat. B: Absolutely. A: Kindly make yourself comfortable. B: Sure, thank you.","A: 자리에 앉으세요. B: 물론입니다. A: 편안하게 계세요. B: 네, 감사합니다."
"의문문을 활용하여 물건의 이름을 묻고 대답할 수 있어요.
You can ask and answer questions about objects using interrogative sentences.",A: ___ this? B: It's a box.,A: 이게 뭐예요? B: 이건 상자예요.,Where's,What's,Which,What's,2,A: What is this ___? B: It is a box.,A: 이거 뭐라고 부르죠? B: 이건 상자예요.,found,called,needed,called,2,A: What's this? B: It's a pen. A: What is this called? B: It is a pen.,A: 이게 뭐예요? B: 이건 펜이에요. A: 이걸 뭐라고 부르죠? B: 펜이라고 해요.
"좋아하는 음식에 대해 질문하고 대답할 수 있어요.
Do you like ()?와 Yes, I do. / No, I don't. 표현을 활용할 수 있어요.","A: Do you enjoy _____? B: No, I don't.","A: 아이스크림 즐겨 먹어? B: 아니, 안 좋아해.",burger,ice cream,salad,ice cream,2,"A: Do you like _____? B: Yes, I do.","A: 과일 좋아해? B: 응, 좋아해.",meat,fruit,vegetables,fruit,2,"A: Do you enjoy coffee? B: Yes, I do. A: Do you like green tea? B: No, I don't.","A: 커피 즐겨 마셔? B: 응, 마셔. A: 녹차 좋아해? B: 아니, 안 좋아해."
"동물의 수를 묻는 표현을 사용할 수 있어요.
‘How many’를 사용하여 동물의 수를 묻고 답할 수 있어요.",A: ___ are there? B: There are five lions.,A: 몇 마리의 사자가 있나요? B: 사자가 다섯 마리 있어요.,How many bears,How many lions,How many elephants,How many lions,2,B: There are ___ lions.,B: 사자가 ___ 마리 있어요.,six,five,ten,five,2,A: How many cats are there? B: There are three cats. A: How many dogs are there? B: There are two dogs.,A: 고양이가 몇 마리 있나요? B: 고양이가 세 마리 있어요. A: 개가 몇 마리 있나요? B: 개가 두 마리 있어요.
"상대방의 능력을 can과 관련된 표현으로 물어보고 대답할 수 있어요.
You can ask and answer questions about someone's abilities using 'can'.",___ you play the piano?,너는 피아노를 칠 수 있니?,Do,Can,Will you,Can,2,___ play the guitar?,너는 기타를 칠 수 있니?,Do you need to,Are you able to,Will you,Are you able to,2,"A: Can you sing a song? B: Yes, I can. A: Do you know how to dance? B: Yes, I can.","A: 노래를 부를 수 있니? B: 응, 할 수 있어. A: 춤출 줄 알아? B: 응, 할 수 있어."
"사물의 색깔에 관한 의문문과 답변을 할 수 있어요.
사물의 색 및 색조를 묻고 답하는 다양한 표현을 사용할 수 있어요.",A: What ___ is the car? B: It's blue.,차의 색깔이 뭐야? 파란색이야.,speed,color,price,color,2,A: What ___ is it? B: It's ().,그것의 색조가 뭐야? 답은 비어있어.,tone,shade,taste,shade,2,A: What color is the house? B: It's yellow. A: What tint does it have? B: It's bright.,A: 집의 색깔이 뭐야? B: 노란색이야. A: 어떤 색조를 갖고 있어? B: 밝은 색이야.
"Do you have ()?를 활용해 물건을 가지고 있는지 묻고 답할 수 있어요.
You can ask and answer whether someone has an item using 'Do you have ()?'.","A: Do you have a ___? B: Yes, I do. / No, I don’t.",A: 배낭 가지고 있어? B: 있어요. / 없어요.,laptop,backpack,book,backpack,2,"A: Do you have a ___? B: Yes, I do. / No, I don’t. A: Have you got a ___? B: Yes, I have. / No, I haven’t.",A: 배낭 가지고 있어? B: 있어요. / 없어요. A: 배낭 있어? B: 있어요. / 없어요.,scarf,bottle,backpack,backpack,3,"A: Do you have a notebook? B: Yes, I do. A: Have you got a calculator? B: No, I haven’t.","A: 공책 있어? B: 응, 있어. A: 계산기 있어? B: 아니, 없어."
"의문사 How를 사용하여 상대방의 나이를 물어보고 대답할 수 있어요.
You can ask and answer about age using 'How' expressions.",A: ___ are you? B: I’m seven years old.,A: 몇 살이세요? B: 저는 일곱 살입니다.,What old,How old,How many,How old,2,B: I’m ___ years old.,B: 저는 일곱 살입니다.,ten,seven,five,seven,2,A: How old are you? B: I’m eight years old. A: Could you tell me your age? B: I’m eight years old.,A: 몇 살이세요? B: 저는 여덟 살입니다. A: 나이를 알려줄래요? B: 저는 여덟 살입니다.
"의문문을 사용하여 상대방이 누구인지 물어볼 수 있어요.
의문문 형태 'Who is ()?'를 활용해 사람을 소개할 수 있어요.",A: Who is she? B: ___ is my teacher.,A: 그녀는 누구니? B: 그녀는 나의 선생님이야.,He,She,This,She,2,A: Who is he? B: ___ is my teacher.,A: 그는 누구니? B: 그는 나의 선생님이야.,That,He,She,He,2,A: Who is that? B: That is my friend. A: Who is he? B: He is my neighbor.,A: 저 사람은 누구예요? B: 저 사람은 내 친구예요. A: 그는 누구예요? B: 그는 내 이웃이에요.
"날씨에 대해 묻고 대답할 수 있어요.
Use expressions like 'How’s the weather?' and 'How does the sky look today?' to discuss weather.",A: ___ the weather? B: It's rainy.,A: 날씨가 어때? B: 비가 와.,What's,How's,Where's,How's,2,A: How does the sky look today? B: It’s ___.,A: 오늘 하늘이 어때? B: 맑아.,stormy,clear,rainy,clear,2,A: How's the weather? B: It's sunny. A: What does the sky look like today? B: It looks bright.,A: 날씨 어때? B: 맑아. A: 오늘 하늘은 어때? B: 밝아 보여.
"간단한 인사말을 활용할 수 있어요.
Use simple greetings when meeting someone.",The host greeted the audience with '___'!,주최자가 청중에게 '좋은 하루!'라고 인사했어요.,Good morning!,Good day!,Good evening!,Good day!,2,"During the conversation, he said, '___'",대화 중에 그는 '어떻게 지내? 안녕!'이라고 말했어요.,How do you do? Hello there!,How are you? Hi there!,What’s up? Hey there!,How are you? Hi there!,2,A: Good day! B: How are you doing? Hello there! A: I'm excited for today's event.,A: 좋은 하루입니다! B: 어떻게 지내? 안녕하세요! A: 오늘 행사가 기대돼요.
"‘What’s ()?’ 패턴을 활용해 무엇인지 묻고 답할 수 있어요.
You can ask and answer what something is using the 'What's ()?' pattern.",A: What’s ___? B: It’s a toy.,이게 뭐야? 장난감이야.,that,this,these,this,2,A: What’s ___? B: It’s a doll.,저게 뭐야? 인형이야.,this,that,those,that,2,A: What’s this? B: It's a book. A: What’s that? B: It's a pen.,A: 이게 뭐야? B: 책이야. A: 저게 뭐야? B: 펜이야.
"명령문을 활용해 상대방에게 요청할 수 있어요.
상대방의 요청에 응답할 수 있어요.","A: ___, please. B: Sure.",A: 앉아 주세요. B: 네.,Stand up,Sit down,Come here,Sit down,2,"A: ___, please. B: Alright.",A: 이리 와 주세요. B: 알겠어요.,Stand up,Come here,Sit down,Come here,2,"A: Please, take a seat. B: Certainly! A: Please, step over here. B: Okay.",A: 제발 앉으세요. B: 물론이죠! A: 이쪽으로 걸어오세요. B: 알겠어요.
"수량을 묻고 답하는 방법을 연습해요.
How many를 사용하여 개수에 대해 물어보고 대답할 수 있어요.",A: ___ apples do you have? B: I have five apples.,A: 사과가 몇 개인지 말해줄래? B: 나는 사과 다섯 개가 있어.,How old,How many,How long,How many,2,A: How many cars do you ___?,A: 자동차가 몇 대 있는지 너는 보고 있니?,find,see,hear,see,2,A: How many oranges do you have? B: I have three oranges. A: How many books do you have? B: I have four books.,A: 오렌지가 몇 개 있어? B: 오렌지가 세 개 있어. A: 책이 몇 권 있어? B: 책이 네 권 있어.
"좋아하는 것을 묻고 답하는 표현을 사용할 수 있어요.
You can use expressions like 'Do you like ()?' to ask and answer about things you like.","A: Do you like _______? B: Yes, I do.","A: 딸기를 좋아하세요? B: 네, 좋아해요.",apples,strawberries,oranges,strawberries,2,"A: Do you enjoy eating _______? B: Yes, I do.","A: 딸기를 먹는 것을 즐기세요? B: 네, 즐겨요.",bananas,strawberries,grapes,strawberries,2,"A: Do you like apples? B: Yes, I do. A: Do you enjoy eating apples? B: Yes, I do.","A: 사과를 좋아하세요? B: 네, 좋아해요. A: 사과 먹는 것을 즐기세요? B: 네, 즐겨요."
"영어로 능력을 묻고 대답하는 방법을 배워요.
Can you ()?을 활용하여 할 수 있는지 묻고 답할 수 있어요.","A: Can you ___? B: Yes, I can.","A: 너는 빨리 달릴 수 있어? B: 응, 할 수 있어.",fly high,run fast,jump far,run fast,2,"A: Are you able to ___? B: No, I cannot. A: Do you know how to ___? B: Yes, I do.","A: 너는 수영할 수 있어? B: 아니, 할 수 없어. A: 너는 수영하는 방법을 알아? B: 응, 알아.",dance,swim,sing,swim,2,"A: Can you jump high? B: Yes, I can. A: Are you able to climb trees? B: No, I cannot. A: Do you know how to ride a bike? B: Yes, I do.","A: 너 높이 뛰어올 수 있어? B: 응, 할 수 있어. A: 너 나무 타는 거 할 수 있어? B: 아니, 못해. A: 자전거 타는 법 알아? B: 응, 알아."
"물건 보유 여부를 묻는 질문과 답변을 할 수 있어요.
Do you ()를 활용하여 물건 소지 여부를 묻고 답할 수 있어요.","A: Do you ___ a marker? B: No, I don't.","A: 마커 가지고 있어? B: 아니, 없어.",own,have,possess,have,2,"A: Do you ___ a pen? B: Yes, I do.","A: 펜 가지고 있어? B: 응, 있어.",possess,own,have,own,2,"A: Do you have a notebook? B: No, I don't. A: Do you own a backpack? B: Yes, I do. A: Do you possess a tablet? B: No, I don't.","A: 공책 가지고 있어? B: 아니, 없어. A: 가방 가지고 있어? B: 응, 있어. A: 태블릿 소유하고 있어? B: 아니, 없어."
"I am () 표현을 활용하여 감정이나 상태를 표현할 수 있어요.
I'm joyful, I'm content와 같이 감정을 나타내는 표현을 배워요.",I'm ______.,나는 기쁘다.,sleepy,joyful,excited,joyful,2,I'm ______.,나는 만족해.,indifferent,content,lonely,content,2,A: I'm joyful today. B: That's great to hear! A: I'm content with my progress. B: Keep up the positive spirit!,A: 오늘 나는 기쁘다. B: 그 말 들으니 정말 기분 좋네! A: 내 발전에 만족해. B: 긍정적인 기운을 계속 유지하길 바래!
"색깔 묻기와 답하기 표현을 사용할 수 있어요.
You can ask and answer about colors using 'What color is ()?'.",A: What color is the car? B: It is ___.,A: 자동차의 색깔은 무엇인가요? B: 파란색이다.,red,blue,green,blue,2,A: Can you tell me the color? B: It is ___.,A: 색깔을 알려줄 수 있니? B: 파란색이다.,red,black,blue,blue,3,A: What color is the bike? B: It is red. A: Can you tell me its color? B: It is red.,A: 자전거의 색깔은 무엇이니? B: 빨간색이야. A: 색깔을 말해줄래? B: 빨간색이야.
"날씨에 대해 묻고 대답하는 표현을 사용할 수 있어요.
Use How's the weather? expressions to inquire about the weather.",A: How’s the ___?,A: 날씨 어때?,time,weather,situation,weather,2,B: It’s ____.,B: 맑아요.,raining,sunny,snowy,sunny,2,A: How’s the weather this afternoon? B: It’s sunny. A: What’s the temperature outside? B: It's perfect for a walk.,A: 오늘 오후 날씨 어때? B: 맑아. A: 밖 온도는 어때? B: 산책하기 딱 좋아.
"만날 때 사용하는 기본적인 인사 표현 익히기
Learn to use basic greetings when meeting someone.",___ there!,안녕하세요!,Goodbye,Hello,Ciao,Hello,2,___!,안녕!,Hey,Hi,Bye,Hi,2,A: Hello there! Good to see you today. B: Hi! How have you been?,A: 안녕하세요! 오늘 만나서 반가워요. B: 안녕! 그동안 어땠어요?
"사물이나 대상을 묻고 답하는 표현을 배워요.
Learn how to ask and answer about objects using 'What's ()?'.",A: _____ this? B: It's a book.,A: 이것은 무엇이야? B: 이건 책이야.,Where's,What's,How's,What's,2,A: ______? B: It's a ball.,A: 저것은 무엇인가요? B: 이건 공이에요.,What is it?,What's that?,What's this?,What's that?,2,A: What's this? B: It's a smartphone. A: What is it? B: It's a charger.,A: 이게 뭐야? B: 이건 스마트폰이야. A: 저것은 무엇이야? B: 이건 충전기야.
"please 를 활용해 상대방에게 요청할 수 있어요.
요청에 대한 응답을 적절하게 할 수 있어요.","A: ____ the window, please. B: Sure.","창문을 닫아 주세요. 네, 알겠어요.",Open,Close,Lock,Close,2,"A: ____ the book, please. B: Certainly.","책을 건네 주세요. 네, 물론입니다.",Take,Read,Pass,Pass,3,"A: Open the door, please. B: Sure. A: Give me the pen, please. B: Of course.",A: 문을 열어 주세요. B: 물론이에요. A: 펜을 건네 주세요. B: 당연하죠.
"Do you like ()? 표현을 사용하여 좋아하는 음식과 싫어하는 음식을 묻고 답할 수 있어요.
You can ask and answer about liking or disliking food using 'Do you like ()?'.","A: Do you ___ ice cream? B: Yes, I do. / No, I don’t.","A: 아이스크림을 ___? B: 응, 그래. / 아니.",see,like,touch,like,2,"A: Do you ___ ice cream? B: Yes, I do. / No, I don’t.","A: 아이스크림을 ___? B: 응, 그래. / 아니.",consume,avoid,enjoy,enjoy,3,"A: Do you like burgers? B: Yes, I do. A: Do you enjoy spaghetti? B: No, I don't.","A: 버거를 좋아해? B: 응, 좋아해. A: 스파게티를 즐겨 먹어? B: 아니, 안 먹어."
"인사말로 안부를 묻고 대답하는 방법을 배웁니다.
Learn to ask about and answer how someone is doing using greetings.",A: ___? B: I'm doing well.,A: 어떻게 지내? B: 나 잘 지내.,What's up?,How are you?,How have you been?,How are you?,2,A: ___? B: I'm feeling good.,A: 그동안 어떻게 지냈어? B: 기분이 좋아.,How are you?,How have you been?,How's it going?,How have you been?,2,A: How are you doing today? B: I'm doing well. A: How has your mood been lately? B: I'm feeling good.,A: 오늘 기분은 어때? B: 잘 지내고 있어. A: 요즘 기분은 어때? B: 기분이 좋아.
"‘Can you ()?’ 구문을 활용하여 가능 여부를 묻는 표현을 이해할 수 있어요.
‘Do you know how to ()?’ 구문을 사용하여 능력을 질문하는 방법을 익힐 수 있어요.","A: Can you ____ a bicycle? B: Yes, I can.","A: 자전거 탈 수 있어? B: 응, 할 수 있어.",drive,ride,swim,ride,2,"A: Do you know how to ____ a bicycle? B: No, I can’t.","A: 자전거 탈 줄 알아? B: 아니, 못해.",drive,read,ride,ride,3,"A: Can you cook dinner? B: Yes, I can. A: Do you know how to bake a cake? B: No, I can’t.","A: 저녁을 준비할 수 있어? B: 응, 할 수 있어. A: 케이크를 굽는 법 알아? B: 아니, 못해."
"동물의 수를 묻고 답하는 표현을 사용할 수 있어요.
Can ask and answer questions about the number of animals.",A: How many ___ are there? B: Three cats.,A: 고양이가 몇 마리 있나요? B: 고양이는 세 마리입니다.,dogs,cats,birds,cats,2,A: How many ___? B: Four dogs.,A: 강아지가 몇 마리입니까? B: 강아지는 네 마리입니다.,cats,dogs,birds,dogs,2,A: How many rabbits are there? B: Five rabbits. A: How many turtles? B: Two turtles.,A: 토끼가 몇 마리 있나요? B: 토끼는 다섯 마리입니다. A: 거북이가 몇 마리 있나요? B: 거북이는 두 마리입니다.
"색깔을 묻고 답하는 표현을 배워요.
What color is ()?를 사용하여 색깔을 물어보고 답할 수 있어요.",A: What color is the car? B: It is ___.,A: 자동차의 색깔이 뭐야? B: 파란색이야.,red,blue,green,blue,2,A: What is its color? B: It is ___. A: Can you tell me the color? B: It is ___.,A: 이것의 색깔이 뭐야? B: 파란색이야. A: 색깔을 말해줄래? B: 파란색이야.,black,blue,yellow,blue,2,A: What color is the bike? B: It is red. A: What is its color? B: It is red.,A: 자전거의 색깔이 뭐야? B: 빨간색이야. A: 자전거 색깔이 뭐야? B: 빨간색이야.
"Let's를 활용해 제안하고 이에 답하는 표현을 배워요.
Learn to use Let's to make suggestions and responses.",A: Let’s ____ lunch. B: Sure.,A: 점심 먹자. B: 그래.,cook,eat,buy,eat,2,"A: Let’s ______. B: Sorry, I can’t.","A: 같이 낚시 가자. B: 미안, 못 가.",go fishing,ride a bike,read a book,go fishing,1,A: Let's try cooking dinner. B: Sure. A: Let's play soccer. B: Alright.,A: 저녁 요리해보자. B: 좋아. A: 축구하자. B: 그래.
"물건을 가지고 있는지 묻고 대답할 수 있어요.
Do you have ()? 등의 표현을 활용하여 물건 소유 여부를 물어볼 수 있어요.","A: Do you ___ a pencil? B: Yes, I do. / No, I don't.","A: 연필 있니? B: 응, 있어.",had,have,has,have,2,"A: Are you ______ a pencil? B: Yes, I am. / No, I'm not.","A: 연필을 들고 있니? B: 응, 들고 있어.",buying,finding,carrying,carrying,3,"A: Do you have an eraser? B: No, I don't. A: Have you got a marker? B: Yes, I have.","A: 지우개 있어? B: 아니, 없어. A: 마커 있어? B: 응, 있어."
"나이를 묻고 답할 수 있어요.
How old are you? 의 문구를 통해 나이를 묻고 답할 수 있어요.",A: ___ old are you? B: I'm seven years old.,너 몇 살이니? 나는 일곱 살이야.,What,When,How,How,3,A: ___ is your age? B: I am seven years old.,너의 나이가 뭐니? 나는 일곱 살이야.,Where,What,When,What,2,A: How old are you? B: I'm eight years old. A: How many years have you lived? B: I am eight years old.,A: 너 몇 살이니? B: 나는 여덟 살이야. A: 몇 년을 살았니? B: 나는 여덟 살이야.
"금지 표현을 사용하여 상대방에게 요구를 전달하고 응답할 수 있어요.
You can use prohibition expressions to deliver requests and respond appropriately.","A: ___, please. B: Okay.","A: 소리지르지 마, 제발. B: 알겠어.",Don't run,Don't shout,Don't touch that,Don't shout,2,"A: ___, please. B: Okay.","A: 그것을 만지지 마, 제발. B: 알겠어.",Don't touch that,Don't run,Don't shout,Don't touch that,1,"A: Don't disturb others, please. B: Okay. A: Don't leave your trash behind, please. B: Sure.","A: 다른 사람들을 방해하지 마, 제발. B: 알겠어. A: 쓰레기를 함부로 놓지 마, 제발. B: 그래."
"날씨에 대해 묻고 답하는 표현을 사용할 수 있어요.
You can ask and answer about the weather.",A: How's the weather? B: It's ______.,A: 날씨 어때? B: 흐리다.,rainy,cloudy,sunny,cloudy,2,A: What's it like outside? B: It's ______. A: How is it today? B: It's ______.,A: 밖은 어때? B: 맑아. A: 오늘은 어때? B: 맑아.,rainy,sunny,breezy,sunny,2,A: How's the weather today? B: It's chilly. A: What's the forecast? B: It's partly cloudy.,A: 오늘 날씨 어때? B: 쌀쌀해. A: 예보는 어때? B: 약간 흐려.
"만난 후 인사할 때 사용하는 간단한 표현을 익힐 수 있어요.
헤어질 때 인사하는 표현을 활용할 수 있어요.",__ there!,안녕하세요!,Hello,Hi,Bye,Hi,2,Hello! __,안녕! 잘 가!,See you!,Bye!,Good night!,Bye!,2,"A: Hi there! B: Hey, how are you? A: Hello! B: Goodbye!","A: 안녕하세요! B: 안녕, 어떻게 지내? A: 안녕! B: 잘 가!"
"사물이 무엇인지 묻고 답하는 표현을 사용할 수 있어요.
You can ask and answer questions about objects by using 'What's ()?' expressions.",A: What's ___? B: It's a book.,A: 저게 뭐야? B: 책이야.,this,that,these,that,2,B: It's a ___,B: 책이야.,pen,bag,book,book,3,A: What's that? B: It's a desk. A: What's this? B: It's a lamp.,A: 저것이 뭐야? B: 책상이야. A: 이것은 뭐야? B: 램프야.
"존대하는 요청을 하고 이에 답할 수 있어요.
You can make polite requests and respond politely.","A: ___ the book, please. B: Sure.",이 책을 열어주세요.,Close,Open,Read,Open,2,"A: ___ the pen, please. B: Certainly.",펜을 가져와 주세요.,Take,Bring,Fetch,Bring,2,A: Please open the window. B: Sure. A: Please bring me the notebook. B: Of course.,A: 창문을 열어주세요. B: 알겠습니다. A: 공책을 가져와 주세요. B: 물론이죠.
"상대방의 선호도를 물어보고, 응답하는 방법을 익힐 수 있어요.
Using 'do you like ~?' sentence patterns to ask about preferences.","A: Do you enjoy ____? B: Yes, I do.","A: 바나나를 즐겨 먹나요? B: 네, 그렇습니다.",oranges,bananas,apples,bananas,2,"A: Do you like ____? B: Yes, I do. A: Do you enjoy grapes? B: No, I don't.","A: 포도를 좋아하나요? B: 네, 그렇습니다. A: 포도를 즐겨 먹지는 않아요.",mangoes,grapes,strawberries,grapes,2,"A: Do you enjoy oranges? B: Yes, I do. A: Do you like apples? B: No, I don't.","A: 오렌지를 즐겨 먹나요? B: 네, 그렇습니다. A: 사과를 좋아하나요? B: 아니요, 그렇지 않아요."
"수량에 대해 질문하고 대답할 수 있어요.
You can ask and answer questions about quantities.",A: ___ books do you have? B: I have three.,A: 책이 몇 권 있어? B: 나는 세 개 가지고 있어.,What many,How many,How much,How many,2,A: How many chairs do you need? B: I need ___.,A: 의자가 몇 개 필요해? B: 나는 일곱 개가 필요해.,seven,six,eight,seven,1,A: How many pens do you have? B: I have two. A: How many notebooks do you need? B: I need three.,A: 펜이 몇 개 있어? B: 나는 두 개 있어. A: 공책이 몇 개 필요해? B: 나는 세 개 필요해.
"물건을 가지고 있는지 묻고 답하는 표현을 연습해요.
Practice asking and answering questions about possession using 'do you have'.","A: ___ a notebook? B: Yes, I do.",노트북 가지고 있니?,Have you got,Do you have,Do you own,Do you have,2,"A: Do you ___ a notebook? B: Yes, I do.",노트북 소유하고 있니?,have,own,got,own,2,"A: Do you have a backpack? B: Yes, I do. A: Do you own a backpack? B: No, I don't.","A: 백팩 가지고 있니? B: 응, 있어. A: 백팩 소유하고 있니? B: 아니, 없어."
"can/cannot 표현을 활용해 능력 여부 묻고 답할 수 있어요.
You can ask and answer questions about ability using can/cannot expressions.","A: ___ you paint? B: Yes, I can.","A: 너 그림 그릴 수 있어? B: 응, 할 수 있어.",Do,Can,Will,Can,2,"A: Are you ___ to paint? B: Yes, I am.","A: 너는 그림을 그릴 수 있어? B: 응, 할 수 있어.",competent,able,capable,able,2,"A: Can you draw? B: Yes, I can. A: Are you able to sketch? B: No, I don’t.","A: 너 그림 그릴 수 있어? B: 응, 할 수 있어. A: 너 스케치할 수 있어? B: 아뇨, 못해."
"금지 표현인 Don't ()를 활용할 수 있어요.
You can express prohibition using Don't ().",Don't ____.,오르지 마세요.,run,climb,jump,climb,2,Don't ____.,뛰지 마세요.,shout,jump,cry,jump,2,"A: Don't run in the hallway. B: Got it, I'll walk slowly. A: And please, don't shout in the library. B: Understood, I'll be quiet.","A: 복도에서 뛰지 마세요. B: 알겠습니다, 천천히 걸을게요. A: 그리고 도서관에서는 소리 지르지 마세요. B: 알겠습니다, 조용히 할게요."
"타인의 신원을 묻고 답하는 표현을 사용할 수 있어요.
You can ask and answer questions about someone's identity using 'Who is ()?'.",A: Who is ___? B: She's my teacher.,A: 그분은 누구세요? B: 제 선생님이에요.,he,she,them,she,2,A: Who is that? B: That's my ___.,A: 저 사람은 누구예요? B: 저 사람은 제 친구예요.,brother,friend,uncle,friend,2,A: Who is he? B: He's my coach. A: Who are they? B: They are my teammates.,A: 저 사람은 누구예요? B: 제 코치예요. A: 저 사람들은 누구예요? B: 그들은 제 팀원들이에요.
"색깔에 대해 질문하고 대답하는 구조를 익힐 수 있어요.
색깔의 명칭을 정확하게 사용할 수 있어요.",B: They are ___.,저것들은 초록색입니다.,red,green,blue,green,2,B: It is ___.,그것은 파란색입니다.,blue,yellow,red,blue,1,A: What color are those blocks? B: They are green. A: Can you tell me the shade of them? B: It is blue.,A: 저 블록들은 무슨 색인가요? B: 초록색입니다. A: 그 색조가 어떤지 말해줄래요? B: 파란색입니다.
"의문문 구조를 통해 나이를 묻고 답할 수 있어요.
Learn to ask and answer age questions using interrogative sentences.",A: ___ are you? B: I'm seven years old.,A: 몇 살이세요? B: 저는 일곱 살입니다.,How many,How old,How tall,How old,2,A: ___? B: I'm () years old.,A: 당신의 나이는 어떻게 되세요? B: 저는 몇 살입니다.,How old are you,What's your age,How many years old are you,What's your age,2,A: How old are you? B: I'm ten years old. A: What is your age? B: I'm ten years old.,A: 몇 살이세요? B: 저는 열 살입니다. A: 당신의 나이는 어떻게 되세요? B: 저는 열 살입니다.
"날씨 표현을 활용하여 즐거운 대화를 나눌 수 있어요.
Practice using weather expressions to have enjoyable conversations.",B: It's ___.,B: 날씨가 맑아.,rainy,sunny,cloudy,sunny,2,A: What's the ___ like? B: It's sunny.,A: 날씨가 어때? B: 맑아.,day,weather,mood,weather,2,A: How's the weather today? B: It's really bright. A: What's the weather like this afternoon? B: It's clear.,A: 오늘 날씨 어때? B: 정말 맑아. A: 오후 날씨는 어때? B: 맑아.
"인사말 표현을 활용하여 첫 만남 및 작별 시 자연스럽게 인사할 수 있어요.
Using greeting expressions, you can naturally greet when meeting and saying goodbye.","A: ______ there! B: Hi, good to see you!",A: 안녕하세요! B: 만나서 반가워요!,Hey,Hello,Hi,Hello,2,"A: ______, buddy. B: Catch you later, buddy.","A: 잘 가요, 친구. B: 나중에 봐요, 친구.",Goodbye,Take care,Be safe,Take care,2,"A: Hi there! B: Hello, wonderful to see you! A: Good afternoon, everyone. B: Afternoon! A: Take care! B: Catch you later!","A: 안녕! B: 안녕하세요, 반가워요! A: 좋은 오후입니다, 여러분. B: 오후예요! A: 잘 가요! B: 나중에 봐요!"
"의문사 'What'을 사용하여 물건의 정체를 묻고 답할 수 있어요.
You can ask and answer about the identity of objects using 'What'.",A: ______ that? B: It's a pen.,A: 저것은 무엇인가요? B: 펜이에요.,When's,What's,How's,What's,2,B: It's a ______.,B: 이건 펜이야.,book,pen,cup,pen,2,"A: What's that? B: It's a pencil. A: What's this? B: It's a pencil. A: Is that a pencil? B: Yes, it is.","A: 저것은 무엇인가요? B: 연필이에요. A: 이건 무엇인가요? B: 연필이에요. A: 저것은 연필인가요? B: 네, 맞아요."
"상대방에게 명령문을 사용하여 지시하는 능력을 기를 수 있어요.
지시문에 대한 응답으로 효과적인 대화를 할 수 있어요.",___ the window.,창문을 열어.,Close,Open,Lock,Open,2,___ me your notebook.,내 노트북을 가져와.,Take,Bring,Show,Bring,2,"A: Open the door. B: Okay, I've opened it. A: Bring me your book. B: Sure, here it is.","A: 문을 열어. B: 네, 열었어. A: 내 책을 가져와. B: 알겠어, 여기 있어."
"채소나 과일의 개수를 물어보고 대답할 수 있어요.
Using 'How many' to ask and answer about the number of fruits or vegetables.",A: How many _____? B: Five apples.,사과 몇 개야?,oranges,apples,bananas,apples,2,B: _____ oranges.,오렌지 몇 개야?,six,five,four,five,2,A: How many grapes? B: Seven grapes. A: How many lemons? B: Three lemons.,A: 포도 몇 개야? B: 포도 일곱 개야. A: 레몬 몇 개야? B: 레몬 세 개야.
"음식을 좋아하는지 물어보고 대답할 수 있어요.
You can ask and answer questions about whether you like certain food using 'Do you like ()?'.","A: Do you ___ pizza? B: Yes, I do.","A: 피자를 좋아하니? B: 응, 좋아해.",hate,like,eat,like,2,"A: Do you ___ eating burger? B: Yes, I do.","A: 버거 먹는 것을 즐기니? B: 응, 즐겨.",resist,dislike,enjoy,enjoy,3,"A: Do you like sushi? B: Yes, I do. A: Do you enjoy eating steak? B: No, I don't.","A: 스시를 좋아하니? B: 응, 좋아해. A: 스테이크 먹는 것을 즐기니? B: 아니, 안 즐겨."
"색깔을 묻고 답하는 방법을 배워요.
‘What color is this?’ 와 같은 표현을 사용하여 색깔에 대해 물어보고 대답할 수 있어요.",B: It's ____.,B: 파란색이야.,red,blue,green,blue,2,B: It's ____.,B: 빨간색이야.,purple,red,blue,red,2,A: What color is this? B: It's green. A: What shade is that? B: It's yellow. A: Can you tell me the color? B: It is yellow.,A: 이거 무슨 색이야? B: 초록색이야. A: 저건 무슨 빛깔이야? B: 노란색이야. A: 색깔을 말해줄래? B: 노란색이야.
"물건을 가지고 있는지 묻고 답할 수 있어요.
Ask and answer if someone has something using 'Do you have ()?'","A: ___ a marker? B: Yes, I do.","A: 마커 있어? B: 응, 있어.",Have you got,Do you have,Do you own,Do you have,2,"A: Do you ___ a pen? B: Yes, I do.","A: 너는 펜을 소유하고 있니? B: 응, 소유하고 있어.",possess,own,use,own,2,"A: Do you have a notebook? B: Yes, I do. A: Do you own a backpack? B: No, I don't.","A: 노트북 있어? B: 응, 있어. A: 너는 백팩을 소유하고 있니? B: 아니, 없어."
"할 수 있는지를 묻고 대답하는 표현을 사용할 수 있어요.
You can ask and answer questions about abilities using 'Can you ()?'.","A: Can you ___? B: Yes, I can.",너는 점프할 수 있니?,swim,jump,run,jump,2,"A: Are you able to ___? B: Yes, I can.",너는 점프할 수 있니?,fly,jump,dance,jump,2,"A: Can you swim? B: Yes, I can. A: Are you able to dive? B: Yes, I can.","A: 너 수영할 수 있니? B: 응, 할 수 있어. A: 다이빙 할 수 있니? B: 응, 할 수 있어."
"동물의 크기를 묘사할 수 있어요.
You can describe the size of animals using 'be + adjective'.",It's ______.,그것은 크다.,small,large,tiny,large,2,It's ______.,그것은 거대하다.,big,huge,tiny,huge,2,"A: That lion is large. B: Indeed, it's enormous!","A: 저 사자는 크다. B: 그래, 정말 거대하다!"
"누구인지 묻고 답할 수 있어요.
Can ask and answer questions about someone's identity using 'Who is ()?'.",She's my ___.,그녀는 내 선생님이야.,doctor,student,teacher,teacher,3,They're my ___.,그들은 내 선생님이야.,friend,teacher,classmate,teacher,2,A: Who is he? B: He's my coach. A: Who are they? B: They are my teammates.,A: 그는 누구야? B: 그는 내 코치야. A: 그들은 누구야? B: 그들은 내 팀원이야.
"날씨에 대해 묻고 대답할 수 있어요.
You can ask and answer questions about the weather using 'How's the weather?'",How's the ______?,날씨는 어때?,time,weather,food,weather,2,A: What's the weather like today? B: It's chilly. A: Is it ______ outside? B: It's windy.,A: 오늘 날씨 어때? B: 쌀쌀해. A: 밖은 맑아? B: 바람이 분다.,rainy,sunny,cloudy,sunny,2,"A: How's the weather today? B: It's sunny. A: I hope it stays sunny all day. B: Me too, I love sunny weather.","A: 오늘 날씨 어때? B: 화창해. A: 하루 종일 화창하길 바래. B: 나도 그래, 화창한 날씨가 좋아."
"간단한 인사말로 사람을 만날 때 인사를 할 수 있어요.
만나거나 헤어질 때 올바른 인사말을 사용할 수 있어요.",___ there!,안녕하세요!,Hi,Hello,Goodbye,Hello,2,___! ___!,안녕! 잘 가!,Goodbye! Hi!,Hi! Goodbye!,Hello! Bye!,Hi! Goodbye!,2,A: Hello there! Welcome to the park. B: Hi! See you soon.,A: 안녕하세요! 공원에 오신 것을 환영해요. B: 안녕! 곧 봐요.
"사물의 이름을 묻고 답할 수 있어요.
You can ask and answer the names of objects using 'What's this/that?'.",A: What's that? B: It's a ___.,A: 저게 뭐야? B: 이건 마커야.,pencil,marker,pen,marker,2,A: What is this? B: It's a ___.,A: 이게 뭐야? B: 이건 펜이야.,ruler,pen,scissors,pen,2,A: What's that? B: It's a ruler. A: What is this? B: It's a book.,A: 저게 뭐야? B: 이건 자야. A: 이게 뭐야? B: 이건 책이야.
"명령문을 사용하여 지시하고 응답할 수 있어요.
You can use imperative expressions to give instructions and respond.","A: ___, please. B: Alright.","A: 앉으세요, 제발. B: 알겠어요.",Stand up,Please wait,Sit down,Sit down,3,"A: ___, please. B: Sure. A: Please wait. B: Okay.","A: 일어나세요, 제발. B: 좋아요. A: 잠시만 기다리세요. B: 네.",Stand up,Sit down,Keep still,Stand up,1,"A: Please have a seat, thank you. B: Sure thing. A: After a moment, stand up slowly, please. B: Will do.","A: 자리에 앉으세요, 감사합니다. B: 알겠습니다. A: 잠시 후에, 천천히 일어나세요, 제발. B: 그렇게 할게요."
"간단한 확인 질문 및 답변 표현을 사용할 수 있어요.
Be able to ask and respond using the 'Is it ()?' pattern.","A: Is it ___? B: Yes, it is.","이것이 새인가요? 네, 그렇습니다.",a plane,a bird,a fish,a bird,2,"A: Is it a bird? B: Yes, it is. A: Could that be ___? B: Yes, it is.","이것이 새인가요? 네, 그렇습니다. 이게 새일 수도 있나요? 네, 그렇습니다.",a toy,a bird,a plane,a bird,2,"A: Is it a dog? B: Yes, it is. A: Could that be a puppy? B: Yes, it is.","A: 이것은 개인가요? B: 네, 맞아요. A: 혹시 강아지일까요? B: 네, 맞습니다."
"좋아하는 음식을 물어보고 대답할 수 있어요.
You can ask and answer questions about food preferences using 'Do you like ()?'","A: ___? B: Yes, I do.","A: 쿠키를 좋아하니? B: 응, 좋아해.",Do you eat cookies,Do you like cookies,Do you make cookies,Do you like cookies,2,"A: Do you like cookies? B: Yes, I do. A: ___? B: No, I'm not.","A: 쿠키를 좋아하니? B: 응, 좋아해. A: 쿠키의 팬이니? B: 아니, 아니야.",Are you a fan of cookies,Are you a fan of cakes,Do you like cookies,Are you a fan of cookies,1,"A: Do you like pasta? B: Yes, I do. A: Are you a fan of pasta? B: No, I'm not.","A: 파스타를 좋아하니? B: 응, 좋아해. A: 파스타의 팬이니? B: 아니, 아니야."
"이 수업을 통해 'How many'를 사용하여 개수를 묻고 답할 수 있어요.
'How many ()?' 패턴을 활용해 다양한 사물의 개수를 물어보는 법을 배워요.",A: ___ many apples do you have? B: I have three apples.,A: 사과가 몇 개인지 물어봐. B: 나는 사과가 세 개 있어.,How much,What many,How many,How many,3,B: There are ___ books.,B: 책이 다섯 권 있어요.,six,five,four,five,2,A: How many oranges do you have? B: I have two oranges. A: How many pencils are there on the desk? B: There are three pencils.,A: 오렌지가 몇 개 있어요? B: 나는 오렌지를 두 개 가지고 있어요. A: 책상 위에 연필이 몇 자루 있어요? B: 연필이 세 자루 있어요.
"'Can'을 사용하여 능력을 묻는 표현을 익힐 수 있어요.
'Can'을 활용해 누군가의 능력을 물어보고 대답할 수 있어요.","A: Can you ___? B: Yes, I can.",너는 그릴 수 있어?,sing,draw,dance,draw,2,"A: Are you able to ___? B: Yes, I am.",너는 할 수 있는지 물어보는 표현이야.,draw,paint,write,draw,1,"A: Can you cook? B: Yes, I can. A: Are you able to cook? B: Yes, I am. A: Do you know how to cook? B: No, I don't.","A: 너 요리할 수 있어? B: 응, 할 수 있어. A: 너 요리할 줄 알아? B: 아니, 몰라."
"물건을 가지고 있는지를 묻고 답할 수 있어요.
Do you have ()?를 사용하여 물건 보유 여부에 대해 질문하고 대답할 수 있어요.","A: Do you have a ___? B: Yes, I do. / No, I don't.","A: 연필이 있니? B: 응, 있어. / 아니, 없어.",book,pencil,pen,pencil,2,"A: Do you own a ___? B: Yes, I do. / No, I don't. A: Do you possess a ___? B: Yes, I do. / No, I don't.","A: 연필을 소유하고 있니? B: 응, 있어. A: 연필을 소지하고 있니? B: 응, 있어.",notebook,pencil,eraser,pencil,2,"A: Do you have a marker? B: Yes, I do. A: Do you own a crayon? B: No, I don't.","A: 마커가 있니? B: 응, 있어. A: 크레용을 가지고 있니? B: 아니, 없어."
"감정이나 상태를 묻고 대답하는 표현을 사용할 수 있어요.
You can ask and answer about feelings or states using the 'Are you ()?' pattern.","Q: Are you ___? A: Yes, I am.",너 신나니?,tired,excited,sad,excited,2,"Q: Are you ___? A: Yes, I am.",너 만족하니?,happy,content,calm,content,2,"A: Are you excited about the concert? B: Yes, I am. A: Are you feeling well after the show? B: No, I'm not.","A: 콘서트에 신나니? B: 응, 그래. A: 공연 후에 몸이 괜찮니? B: 아니, 별로야."
"사용자를 소개하는 표현을 활용할 수 있어요.
상대방이 누구인지 묻고 자신의 관계를 설명할 수 있어요.",A: Who's he? B: He's my ____.,A: 이 사람 누구야? B: 내 삼촌이야.,brother,uncle,aunt,uncle,2,B: She's my ____.,B: 이 사람은 내 이모야.,mother,aunt,sister,aunt,2,A: Who's he? B: He's my brother. A: Who is she? B: She's my best friend.,A: 이 사람 누구야? B: 내 동생이야. A: 저 사람 누구세요? B: 내 가장 친한 친구야.
"색깔을 묻고 답하는 표현을 사용할 수 있어요.
You can ask and answer about colors using 'What color is ...?' and 'It’s ...' expressions.",B: It's ____.,B: 빨간색이야.,green,red,blue,red,2,A: What color is this? B: It’s ____.,A: 이거 무슨 색이야? B: 파란색이야.,blue,purple,green,blue,1,A: What color is the bike? B: It's yellow. A: Do you know the color of the backpack? B: It is green.,A: 자전거는 무슨 색이야? B: 노란색이야. A: 가방의 색이 뭐야? B: 초록색이야.
"날씨 상태를 묻고 대답하는 표현을 사용할 수 있어요.
You can ask and answer questions about the weather using ""How's the weather?"".",B: It's ______.,B: 비가 와요.,sunny,rainy,cloudy,rainy,2,A: How is it outside? B: It's ______.,A: 바깥은 어때? B: 비가 와요.,warm,sunny,rainy,rainy,3,A: How's the weather today? B: It's rainy. A: How do you feel about the weather? B: I think it's a perfect day for coffee.,A: 오늘 날씨 어때? B: 비가 와요. A: 날씨에 대해 어떻게 생각해? B: 커피 마시기 딱 좋은 날씨라고 생각해.
"만날 때와 헤어질 때 사용할 수 있는 간단한 인사 표현을 사용할 수 있어요.
Learn simple greeting expressions for meeting and parting.",___! How are you?,안녕! 잘 지냈어?,Bye!,Hi!,Howdy!,Hi!,2,___! See you later!,좋은 아침이야! 나중에 봐.,Good evening!,Good morning!,Howdy!,Good morning!,2,A: Hello! It's wonderful seeing you this morning. B: Hi! I've been looking forward to our meet-up. A: Goodbye! Take care and see you soon. B: See you later!,A: 안녕! 오늘 아침에 만나서 정말 반가워. B: 안녕! 네가 오길 기다렸어. A: 잘 가! 조심히 가고 곧 보자. B: 나중에 봐.
"물건이 무엇인지 묻고 답할 수 있어요.
Learn to ask and answer questions about objects.",A: ___ this? B: It's a doll.,이게 뭐야? 인형이야.,Where's,What's,Who's,What's,2,"A: Is this a ___? B: Yes, it is.","이것은 인형이니? 응, 맞아.",book,doll,pen,doll,2,"A: What’s that? B: It’s a book. A: Is that a book? B: Yes, it is.","A: 저것은 뭐야? B: 책이야. A: 저것은 책이니? B: 응, 맞아."
"요청할 때 사용할 수 있는 표현을 익힐 수 있어요.
Learn expressions for making requests.","A: ___ up, please. B: Sure.",A: 일어나 주세요. B: 네.,Sit,Stand,Jump,Stand,2,"A: ___ down, please. B: Okay.",A: 앉아 주세요. B: 알겠어요.,Stand,Lie,Sit,Sit,3,A: Please stand up now. B: Sure thing. A: Please sit down quietly. B: Okay then.,A: 지금 일어나 주세요. B: 물론이에요. A: 조용히 앉아 주세요. B: 알겠습니다.
"사물이나 동물의 개수를 묻는 표현을 사용할 수 있어요.
You can ask and answer questions about the number of objects or animals.",A: How many cats? B: ___ cats.,A: 고양이가 몇 마리야? B: Two 마리의 고양이야.,Three,Two,Four,Two,2,A: How many fruits do you ___?,A: 몇 개의 과일을 보니?,eat,see,find,see,2,"A: How many dogs? B: Two dogs. A: How many chairs do you see? B: I see four chairs. A: Are there any tables? B: Yes, there are.","A: 개가 몇 마리야? B: 개가 두 마리야. A: 의자가 몇 개 보이니? B: 의자가 네 개 보이네. A: 탁자가 있니? B: 응, 있어."
"물건을 가지고 있는지 묻는 표현을 익힙니다.
Learn to ask and answer questions about possessing an item.","A: Do you ___ an eraser? B: Yes, I do./No, I don’t.","A: 지우개를 가지고 있니? B: 응, 있어./아니, 없어.",own,have,get,have,2,"A: Have you ___ an eraser? B: Yes, I have./No, I haven’t.","A: 지우개가 있니? B: 응, 있어./아니, 없어.",gotten,got,gotta,got,2,"A: Do you have a pencil? B: Yes, I do. A: Have you got a notebook? B: No, I haven’t.","A: 연필을 가지고 있니? B: 응, 있어. A: 노트북 있어? B: 아니, 없어."
"색깔을 묻고 답하는 표현을 사용할 수 있어요.
Learn how to ask and answer about colors.",A: What color is it? B: It's ____.,A: 이거 무슨 색이야? B: 파란색이야.,red,blue,green,blue,2,A: What’s the ____ of it?,A: 이거의 색깔이 뭐야?,size,color,price,color,2,"A: What color do you see? B: I see blue. A: What’s the shade of it? B: Yes, it’s exactly blue.","A: 무슨 색이 보이나요? B: 파란색이 보여요. A: 그 색깔이 뭐죠? B: 네, 딱 파란색이에요."
"좋아하는 과일·채소를 묻고 답하는 표현을 사용할 수 있어요.
You can ask and answer about your favorite fruits and vegetables.","A: Do you like ______? B: Yes, I do./No, I don’t.","A: 바나나 좋아해? B: 응, 좋아해./아니, 안 좋아해.",cars,bananas,computers,bananas,2,"A: Do you enjoy eating ______? B: Yes, I do./No, I don’t. A: Do you love ______? B: Yes, I do./No, I don’t.","A: 바나나 먹는 거 즐겨? B: 응, 좋아해./아니, 안 좋아해. A: 바나나를 정말 좋아해? B: 응, 좋아해./아니, 안 좋아해.",rocks,bananas,shoes,bananas,2,"A: Do you like apples? B: Yes, I do. A: Do you enjoy eating apples? B: Yes, I do. A: Do you love apples? B: Yes, I do.","A: 사과 좋아해? B: 응, 좋아해. A: 사과 먹는 걸 즐겨? B: 응, 좋아해. A: 사과를 정말 좋아해? B: 응, 좋아해."
"동물이나 식물의 특징을 묘사하는 표현을 익힐 수 있어요.
Learn to describe the characteristics of animals and plants.",It’s ____.,그것은 엄청 크다.,small,huge,fast,huge,2,It looks ____.,보기에는 다채로워 보여.,old,dull,colorful,colorful,3,"A: This animal is huge. B: Wow, it must be very impressive. A: And it looks colorful. B: Nature really surprises us.","A: 이 동물은 엄청 크다. B: 와, 정말 인상적이야. A: 그리고 보기에는 다채로워 보여. B: 자연은 정말 놀라워."
"할 수 있는지 묻고 답하는 표현을 익힙니다.
Learn expressions for asking and answering about abilities.","A: Can you ____? B: Yes, I can./No, I can’t.",너 점프할 수 있니?,jump,sit,run,jump,1,"A: Are you able to ____? B: Yes, I am./No, I'm not.",너 점프할 수 있니?,sit,jump,run,jump,2,"A: Can you run? B: Yes, I can. A: Do you know how to run? B: Yes, I do.","A: 너 달릴 수 있니? B: 응, 할 수 있어. A: 너 달리는 법 알아? B: 응, 알아."
"사람이 누구인지 묻고 답하는 표현을 배워요.
Learn to ask and answer who someone is.",He’s my ____.,그는 내 삼촌이야.,brother,uncle,neighbor,uncle,2,This is my ____.,이 사람은 내 친구예요.,teacher,friend,sister,friend,2,A: Who's she? B: She's my cousin. A: Who is that? B: That is my teacher. A: Who are they? B: They are my friends.,A: 저 사람은 누구야? B: 그녀는 내 사촌이야. A: 저 사람은 누구니? B: 저 분은 내 선생님이야. A: 저 사람들은 누구니? B: 저 분들은 내 친구들이야.
"날씨를 묻고 답하는 표현을 사용할 수 있어요.
Learn to ask and answer about the weather.",A: ___ the weather? B: It’s raining.,A: 날씨는 어때? B: 비가 오고 있어.,What’s,How’s,Where’s,How’s,2,A: What’s the weather like? B: It’s ___.,A: 날씨가 어때요? B: 비가 오고 있어요.,cloudy,raining,sunny,raining,2,A: How's the weather today? B: It's sunny. A: What’s the weather like this afternoon? B: It's a bit windy outside.,A: 오늘 날씨 어때? B: 화창해. A: 오늘 오후 날씨가 어때? B: 바람이 좀 불어.
"'What’s this/that?' 패턴을 사용하여 물건에 대해 묻고 답할 수 있어요.
Learn how to ask and answer about objects using the 'What’s this/that?' pattern.",A: What’s ___? B: It’s a pen.,이것은 뭐야? B: 펜이야.,that,this,those,this,2,A: What’s ___? B: It’s a pencil.,저것은 뭐야? B: 연필이야.,these,that,this,that,2,A: What’s this? B: It’s a notebook. A: What’s that? B: It’s a marker.,A: 이것은 뭐야? B: 공책이야. A: 저것은 뭐야? B: 형광펜이야.
"상대방에게 행동을 요청하는 방법을 배울 수 있어요.
Learn how to request someone to perform an action.","A: ___ down, please. B: Okay.",A: 앉아주세요. B: 알겠어요.,Stand,Sit,Lie,Sit,2,"A: ___ up, please. B: Sure.",A: 일어나 주세요. B: 좋아요.,Walk,Stand,Sleep,Stand,2,"A: Please take a seat. B: Okay. A: Remain silent, please. B: Alright.",A: 자리에 앉아주세요. B: 알겠어요. A: 조용히 해주세요. B: 네.
"패턴을 통해 좋아하는 것에 대해 묻고 답하는 방법을 배워요.
Learn how to ask and answer questions about likes using the pattern.","A: Do you like _____? B: Yes, I do. / No, I don't.","A: 토마토를 좋아해? B: 응, 좋아해. / 아니, 안 좋아해.",oranges,tomatoes,potatoes,tomatoes,2,"A: Do you _____ tomatoes? B: Yes, I do. / No, I don't.","A: 토마토를 즐겨 먹어? B: 응, 먹어. / 아니, 안 먹어.",avoid eating,enjoy eating,prefer cooking,enjoy eating,2,"A: Do you like apples? B: Yes, I do. / No, I don't. A: Do you enjoy eating apples? B: Yes, I do. / No, I don't.","A: 사과를 좋아해? B: 응, 좋아해. / 아니, 안 좋아해. A: 사과를 즐겨 먹어? B: 응, 먹어. / 아니, 안 먹어."
"동물의 수를 묻고 답하는 방법을 배워요.
Learn how to ask and answer about the number of animals using 'How many ()?'.",A: How many ___? B: Four cows.,A: 소가 몇 마리야? B: 소 네 마리야.,dogs,cows,birds,cows,2,A: How many cows do you ___?,A: 소 몇 마리를 보니?,hear,see,eat,see,2,"A: How many pigs? B: Six pigs. A: How many pigs do you observe? B: I observe six pigs. A: Are there pigs here? B: Yes, there are.","A: 돼지가 몇 마리야? B: 돼지 여섯 마리야. A: 돼지를 몇 마리 보니? B: 돼지 여섯 마리가 보여. A: 여기 돼지가 있니? B: 응, 있어."
"자신의 능력에 대해 질문하고 대답하는 방법을 배워요.
Learn how to ask and answer questions about your ability using 'Can you()?'","A: Can you ___? B: Yes, I can. / No, I can’t.","A: 춤출 수 있어? B: 응, 할 수 있어. / 아니, 못해.",run,dance,sing,dance,2,"A: Can you ___? B: Yes, I can. / No, I can’t. A: Do you know how to ___? B: Yes, I do. / No, I don’t.","A: 너 수영할 수 있어? B: 응, 할 수 있어. / 아니, 못해. A: 너 수영하는 법 알아? B: 응, 알아. / 아니, 몰라.",jump,swim,read,swim,2,"A: Can you cook? B: Yes, I can. A: Do you know how to bake? B: Yes, I do.","A: 요리할 수 있어? B: 응, 할 수 있어. A: 빵 굽는 법 알아? B: 응, 알아."
"물건을 가지고 있는지 묻고 대답하는 방법을 배워요.
Do you have ()? 표현을 통해 소유 여부를 물어보고 대답할 수 있어요.","A: ___ an eraser? B: Yes, I do.","A: 지우개 갖고 있니? B: 응, 있어.",Have you got,Do you have,Did you have,Do you have,2,"A: ___ an eraser? B: Yes, I have.","A: 지우개 가지고 있니? B: 응, 가지고 있어.",Will you have,Have you got,Do you have,Have you got,2,"A: Do you have a backpack? B: Yes, I do. A: Have you got a lunchbox? B: No, I haven't.","A: 가방 있어? B: 응, 있어. A: 도시락 가지고 있니? B: 아니, 없어."
"감정이나 상태를 묻고 답하는 방법을 배울 수 있어요.
영어로 'Are you excited?' 와 'Are you feeling excited?' 표현을 사용할 수 있어요.","A: Are you ___? B: Yes, I am. / No, I'm not.","A: 너 신나니? B: 응, 그래. / 아니, 아니야.",happy,excited,tired,excited,2,"A: Are you feeling ___? B: Yes, I am. / No, I'm not. A: Do you feel ___? B: Yes, I do. / No, I don't.","A: 너 신나는 기분이니? B: 응, 그래. / 아니, 아니야. A: 너 신나는 기분이니? B: 응, 그래. / 아니, 아니야.",tired,bored,excited,excited,3,"A: Are you excited about the concert? B: Yes, I am. A: Are you feeling excited about your performance? B: Yes, I do.","A: 너 콘서트가 신나니? B: 응, 그래. A: 네 공연에 신나는 기분이니? B: 응, 그래."
"색깔을 묻고 답하는 표현을 사용할 수 있어요.
You can ask and answer about colors using 'What color is ()?'.",A: ______ your bag? B: It's blue.,A: 네 가방은 무슨 색이니? B: 파란색이야.,How far is,What color is,Where is,What color is,2,"A: What's the color of ______? B: It's red. A: Is it red? B: Yes, it is.",A: 네 펜은 무슨 색이니? B: 빨간색이야. A: 빨간색이니? B: 맞아.,your book,your pen,your cup,your pen,2,"A: What color is your backpack? B: It's orange. A: What's the color of your notebook? B: It's white. A: Is it white? B: Yes, it is.",A: 네 백팩은 무슨 색이니? B: 주황색이야. A: 네 공책은 무슨 색이니? B: 흰색이야. A: 흰색이니? B: 맞아.
"사람의 신원을 묻고 답하는 방법을 배울 수 있어요.
Learn how to ask and answer about someone's identity using 'Who's ()?'.",He’s my ____.,저 남자애는 내 동생이야.,friend,brother,father,brother,2,They are my ____.,저 사람들은 내 자매들이야.,teachers,sisters,brothers,sisters,2,A: Who's that girl? B: She's my cousin. A: Who are they? B: They are my classmates.,A: 저 여자애 누구야? B: 저 녀석은 내 사촌이야. A: 저 사람들은 누구야? B: 저 사람들은 내 반 친구들이야.
"날씨를 묻고 답하는 표현을 사용할 수 있어요.
Learn how to talk about the weather using key expressions.",A: How’s the weather today? B: It’s ____.,오늘 날씨 어때? 답: 흐려.,rainy,cloudy,sunny,cloudy,2,A: What’s the weather like? B: It’s ____.,날씨 어때? 답: 바람이 많이 부네.,sunny,windy,rainy,windy,2,"A: How's the weather today? B: It's rainy. A: What's the weather like outside? B: Actually, it's cloudy.","A: 오늘 날씨 어때? B: 비가 오고 있어. A: 바깥 날씨는 어때? B: 사실, 흐리네."
"만날 때 인사하는 표현을 배울 수 있어요.
Learn expressions to greet others when meeting.",A: ___. B: Hello.,A: 안녕. B: 안녕하세요.,Hello,Hi,Hey,Hi,2,A: ___! B: Hi there! A: Hello! B: Nice to see you!,A: 야! B: 안녕! A: 안녕하세요! B: 만나서 반가워요!,Yo,Hey,Hi,Hey,2,A: Hello there. B: Hi! A: Good to see you. B: Pleasure meeting you.,A: 안녕하세요. B: 안녕! A: 반가워요. B: 만나서 반가워요.
"학생들은 'What's this/that?' 형태를 사용해 물건의 이름을 묻고 답할 수 있어요.
상황에 맞는 표현을 통해 물건에 대해 효과적으로 의사소통할 수 있어요.",A: What’s ___? B: It’s a hat.,A: 이게 뭐야? B: 이건 모자야.,that,this,these,this,2,A: What is this? B: It’s a __.,A: 이게 뭐야? B: 이건 펜이야.,cup,pen,hat,pen,2,A: What's this? B: It's a book. A: What's that? B: It's a phone.,A: 이게 뭐야? B: 이건 책이야. A: 저것은 뭐야? B: 이건 전화야.
"요청하는 표현을 사용할 수 있어요.
요청에 따른 응답 표현을 사용할 수 있어요.","A: ___ down, please. B: Okay.","앉으세요, 제발.",Sleep,Sit,Stand,Sit,2,"A: ___ up, please. B: Sure.","일어서세요, 부탁해요.",Run,Stand,Jump,Stand,2,"A: Have a seat, please. B: Alright. A: Close the door, please. B: Sure.","A: 자리에 앉으세요, 부탁해요. B: 알겠어요. A: 문을 닫아주세요. B: 물론이죠."
"과일·채소의 개수를 묻고 답하는 표현을 익힐 수 있어요.
'How many ()?' 표현을 사용해서 개수를 물어보고 답할 수 있어요.",A: How many ___? B: Four oranges.,A: 몇 개의 오렌지가 있나요? B: 오렌지가 네 개 있어요.,apples,oranges,bananas,oranges,2,A: Can you ___ the apples?,A: 사과들의 개수를 셀 수 있나요?,draw,count,calculate,count,2,A: How many bananas? B: Six bananas. A: How many grapes do you see? B: I see grapes. A: Can you count the grapes? B: There are ten grapes.,A: 바나나가 몇 개 있나요? B: 바나나가 여섯 개 있어요. A: 포도가 몇 개 보이나요? B: 포도가 보여요. A: 포도의 개수를 셀 수 있나요? B: 포도가 열 개 있어요.
"좋아하는 음식에 대해 묻고 답할 수 있어요.
다양한 음식을 표현하며 취향을 물어볼 수 있어요.","A: Do you like ______? B: Yes, I do. / No, I don’t.","A: 아이스크림 좋아해? B: 응, 좋아해. / 아니, 안 좋아해.",pasta,ice cream,apples,ice cream,2,"A: Do you like ______? B: Yes, I do. / No, I don’t.","A: 파스타 좋아해? B: 응, 좋아해. / 아니, 안 좋아해.",hamburger,salad,pasta,pasta,3,"A: Do you enjoy sushi? B: Yes, I do. / No, I don't. A: Do you enjoy tacos? B: Yes, I do. / No, I don't.","A: 초밥 좋아해? B: 응, 좋아해. / 아니, 안 좋아해. A: 타코 좋아해? B: 응, 좋아해. / 아니, 안 좋아해."
"색을 묻고 답하는 표현을 사용할 수 있어요.
Ask and answer questions about color using expressions like 'What color is it?'",A: _____ color is it? B: It's blue.,A: 이거 무슨 색이야? B: 파란색이야.,Which,What,How,What,2,A: What color is your backpack? B: It's _____.,A: 네 가방은 무슨 색이야? B: 파란색이야.,red,blue,yellow,blue,2,A: What color is your scarf? B: It's blue. A: What color is the bag? B: It's green.,A: 너의 스카프는 무슨 색이야? B: 파란색이야. A: 가방은 무슨 색이야? B: 초록색이야.
"동물의 종류를 질문할 수 있어요.
'Is it ()?'와 같은 표현을 사용하여 동물인지 확인하고 답할 수 있어요.",A: ___ a rabbit?,A: 이것은 토끼인가요?,Has it,Is it,Can it,Is it,2,A: ___ a cat?,A: 이것은 고양이인가요?,Is it,Was it,Could it,Is it,1,"A: Is it a bird? B: Yes, it is. A: Is it a dog? B: No, it isn’t.","A: 이것은 새인가요? B: 네, 맞습니다. A: 이것은 개인가요? B: 아니요, 그렇지 않습니다."
"물건을 가지고 있는지 묻고 대답하는 표현을 익힐 수 있어요.
Do you have ()? 등의 표현을 사용하여 물건의 소유 여부를 물어볼 수 있어요.",A: ______ a book?,A: 책이 있니?,Do you have,Are you carrying,Have you got,Do you have,1,A: ______ a pencil?,A: 연필이 있니?,Have you got,Do you have,Are you carrying,Have you got,1,"A: Do you have a tablet? B: Yes, I do. A: Have you got a charger? B: No, I haven’t.","A: 태블릿이 있니? B: 응, 있어. A: 충전기가 있니? B: 아니, 없어."
"할 수 있는지 물어보는 표현을 배워요.
Can you ()?와 같은 표현으로 능력을 묻고 대답할 수 있어요.","A: Can you ___? B: Yes, I can.","A: 너 ___ 할 수 있어? B: 응, 할 수 있어.",swim,jump,run,jump,2,"A: Are you able to ___? B: Yes, I am.","A: 넌 ___ 할 수 있어? B: 응, 할 수 있어.",dance,jump,sing,jump,2,"A: Can you dance? B: Yes, I can. A: Do you know how to cook? B: No, I don't.","A: 너 춤출 수 있어? B: 응, 할 수 있어. A: 넌 요리할 줄 알아? B: 아니, 몰라."
"누구인지 묻고 답할 수 있어요.
Practice asking 'Who is ...?' and answering with family member expressions.",A: Who is ___? B: She's my sister.,A: 그녀는 누구야? B: 그녀는 내 여동생이야.,it,she,he,she,2,A: Who's that boy? B: He's my ___.,저 소년은 누구야? 그는 내 형제야.,cousin,brother,friend,brother,2,"A: Who is she? B: She's my neighbor. A: Who's that boy? B: He's my cousin. A: Do you know who he is? B: Yes, he is my cousin.","A: 그녀는 누구야? B: 그녀는 내 이웃이야. A: 저 소년은 누구야? B: 그는 내 사촌이야. A: 그가 누구인지 알아? B: 응, 그는 내 사촌이야."
"날씨에 대해 묻고 답하는 법을 배워요.
Learn to ask and answer about the weather using 'How’s the weather?'.",A: How’s the weather? B: It’s ______.,A: 날씨 어때? B: 흐려.,rainy,cloudy,sunny,cloudy,2,A: What’s the weather like today? B: It’s ______.,A: 오늘 날씨 어때? B: 화창해.,sunny,cloudy,rainy,sunny,1,A: How’s the temperature this afternoon? B: It’s chilly. A: What’s the forecast for tomorrow? B: It’s going to be warm.,A: 오늘 오후 기온 어때? B: 쌀쌀해. A: 내일 날씨 예보는 어때? B: 따뜻할 거야.
"만나고 헤어질 때 적절한 인사 표현을 익힐 수 있어요.
Hi! / Hello! / Goodbye! 및 Good evening! See you soon!와 같이 다양한 인사 표현을 사용할 수 있어요.",___!,안녕하세요!,Goodbye!,Hello!,Hi!,Hello!,2,Good evening! ___ you soon!,좋은 저녁이에요! 곧 봐요!,See,Look,Meet,See,1,A: Hello! It's wonderful to see you tonight. B: Good evening! I hope you have a pleasant time. A: Goodbye! Take care and see you soon.,A: 안녕하세요! 오늘 밤 당신을 보게 되어 반가워요. B: 좋은 저녁이에요! 즐거운 시간 보내길 바래요. A: 잘 가요! 조만간 또 봐요.
"물건이 무엇인지 묻고 답하는 방법을 배울 수 있어요.
Learn how to ask and answer what an object is.",A: What’s ___? B: It’s a kite.,이 표현은 물건이 무엇인지 묻고 '연'이라고 응답하는 대화를 나타냅니다.,that,this,these,this,2,B: It’s a ___.,이 문장에서 답은 '연'이다.,balloon,kite,plane,kite,2,A: What’s this? B: It’s a book. A: What’s that? B: It’s a pen. A: Do you know what pen is? B: It’s a pen.,A: 이게 뭐야? B: 책이야. A: 저게 뭐야? B: 펜이야. A: 펜이 뭔지 알아? B: 펜이야.
"명령문을 사용하여 지시하는 방법을 배울 수 있어요.
명령문을 통해 지시하는 방법을 익힐 수 있어요.","A: ___, please. B: Okay.","A: 조용히 해줘, 제발. B: 알겠어.",Listen carefully,Be quiet,Be still,Be quiet,2,"A: ___, please. B: Sure.","A: 줄을 서, 제발. B: 알겠어.",Stand up,Line up,Sit down,Line up,2,"A: Lower your voice, please. B: Sure. A: Form a line, please. B: Alright.","A: 목소리를 낮춰줘, 제발. B: 알겠어. A: 줄을 서봐, 제발. B: 좋아."
"Learn to ask and answer questions about quantities using 'How many'.
How many ()?를 통해 개수를 묻고 답하는 방법을 배울 수 있어요.",A: How many ___? B: Three oranges.,A: 오렌지가 몇 개 있어요? B: 오렌지 세 개야.,apples,oranges,bananas,oranges,2,A: How many ___ do you have? B: I have oranges.,A: 오렌지를 몇 개 가지고 있어요? B: 오렌지를 가지고 있어요.,apples,oranges,grapes,oranges,2,"A: How many apples do you need? B: I need four apples. A: Are there any apples in the bag? B: Yes, there are.","A: 가방에 사과가 몇 개 필요한지 말해줄래? B: 사과 네 개 필요해. A: 가방에 사과가 있니? B: 응, 있어."
"물건을 가지고 있는지 묻고 답하는 방법을 배울 수 있어요.
Do you have ()?와 같은 표현을 사용해 필요한 물건이 있는지 확인할 수 있어요.","A: Do you have a ___? B: Yes, I do. / No, I don’t.","A: 자 있어요? B: 네, 있어요. / 아니요, 없어요.",pen,ruler,book,ruler,2,"A: Do you own a ___? B: Yes, I do. / No, I don’t. A: Have you got a ___? B: Yes, I have. / No, I haven’t.","A: 자를 가지고 있니? B: 네, 가지고 있어. / 아니, 없어. A: 자가 있니? B: 네, 있어. / 아니, 없어.",ruler,scissors,pencil,ruler,1,"A: Do you have a pen? B: Yes, I do. A: Have you got a pen? B: Yes, I have.","A: 펜 있어요? B: 네, 있어요. A: 펜 있니? B: 네, 있어요."
"색깔을 묻고 답하는 방법을 배울 수 있어요.
Learn how to ask about colors and respond.",A: What color is your backpack? B: It's ______.,A: 네 가방 색깔은 뭐야? B: 빨간색이야.,green,red,blue,red,2,"A: What's the color of your ______? B: It's red. A: Is it red? B: Yes, it is.","A: 네 물건의 색깔은 뭐야? B: 빨간색이야. A: 빨간색이니? B: 응, 맞아.",pencil,backpack,book,backpack,2,"A: What color is your jacket? B: It's blue. A: What's the color of your shoes? B: They're blue. A: Are they blue? B: Yes, they are.","A: 네 재킷 색깔은 뭐야? B: 파란색이야. A: 네 신발 색깔은 뭐야? B: 파란색이야. A: 파란색이니? B: 응, 맞아."
"좋아하거나 싫어하는 음식을 묻고 답하는 방법을 배울 수 있어요.
Learn to ask and answer whether you like or dislike foods using 'Do you like ()?'.","A: Do you like ___? B: Yes, I do. / No, I don't.","A: 바나나를 좋아하니? B: 응, 좋아해. / 아니, 싫어해.",oranges,bananas,grapes,bananas,2,"A: Do you enjoy eating ___? B: Yes, I do. / No, I don't.","A: 바나나를 먹는 것을 즐기니? B: 응, 좋아해. / 아니, 싫어해.",bananas,pasta,steak,bananas,1,"A: Do you like pasta? B: Yes, I do. A: How do you feel about eating pasta? B: I like it a lot.","A: 파스타를 좋아하니? B: 응, 좋아해. A: 파스타 먹는 것은 어때? B: 아주 좋아해."
"사물이나 동물을 묘사하는 표현을 배울 수 있어요.
You can describe objects or animals using expressions like 'It’s tall.'",It’s ______.,이것은 키가 크다.,short,tall,small,tall,2,It’s very ______.,이것은 아주 보송보송하다.,rough,heavy,fluffy,fluffy,3,"A: It’s towering. B: Wow, that is impressive! A: It’s very vibrant. B: It really catches the eye.","A: 그것은 우뚝 솟아 있어. B: 와, 정말 인상적이야! A: 그것은 아주 생기 있어 보여. B: 정말 눈에 띄네."
"능력 여부를 질문하고 대답하는 방법을 배울 수 있어요.
Can you ()? 표현을 통해 능력 여부를 묻고 답할 수 있어요.","A: Can you ___? B: Yes, I can.","A: 수영할 수 있니? B: 응, 할 수 있어.",sing,swim,dance,swim,2,"A: Are you able to ___? B: Yes, I am.","A: 너는 수영할 수 있니? B: 응, 할 수 있어.",read,swim,run,swim,2,"A: Can you run? B: Yes, I can. A: Do you know how to run? B: Yes, I do.","A: 달릴 수 있니? B: 응, 할 수 있어. A: 너 달릴 줄 알아? B: 응, 알아."
"사람에 대해 묻고 답하는 방법을 배울 수 있어요.
‘Who’s ()?’ 같은 표현을 사용하여 인물의 관계를 설명할 수 있어요.",He's my ___.,그는 내 삼촌이야.,father,uncle,cousin,uncle,2,She’s my ___.,그녀는 내 이모야.,mother,aunt,sister,aunt,2,A: Who’s he? B: He’s my neighbor. A: Who’s she? B: She’s my teacher.,A: 저 사람 누구야? B: 그는 내 이웃이야. A: 저 사람은 누구니? B: 그녀는 내 선생님이야.
"날씨에 대해 묻고 대답하는 방법을 배울 수 있어요.
You can ask and answer about the weather using 'How’s the weather today?'",A: ______ the weather today? B: It’s rainy.,"오늘 날씨 어때? 라고 물어보고, '비가 와요'라고 대답해요.",What's,How’s,When’s,How’s,2,A: Is it ______ outside?,밖이 비 오는가요?,sunny,rainy,windy,rainy,2,"A: How’s the weather today? B: It’s cloudy. A: What’s the weather like? B: It’s a bit overcast. A: Is it overcast outside? B: Yes, it is.","A: 오늘 날씨 어때? B: 흐리네요. A: 날씨가 어때? B: 약간 흐리게 보여요. A: 밖이 흐리니? B: 네, 맞아요."
"자신을 소개하는 표현을 익히고 답할 수 있어요.
Practice expressions for introducing yourself and responding.",A: ___ Eric.,A: 나는 에릭이다.,He is,I am,You are,I am,2,A: My name is Eric. A: ___ Eric!,A: 내 이름은 에릭이야. A: 나는 에릭이야!,I was,I'm,I will be,I'm,2,A: I am a teacher. B: It's a pleasure to meet you. A: My name is Linda. B: I'm excited to work with you.,A: 나는 선생님이야. B: 만나서 반가워. A: 내 이름은 린다야. B: 함께 일하게 되어 기뻐.
"감사의 표현을 사용할 수 있어요.
감사에 대한 응답을 할 수 있어요.",___.,감사합니다.,I appreciate it,Thank you,Thank you much,Thank you,2,___.,친절하게 감사합니다.,Thank you thankfully,Thank you kindly,Thank you very much,Thank you kindly,2,A: Thank you for your guidance. B: You're welcome! A: I truly appreciate your support. B: Anytime!,A: 지도해줘서 고마워. B: 천만에요! A: 네 도움이 정말 큰 힘이 되었어. B: 언제든지!
"주목을 요청하는 표현을 사용할 수 있어요.
You can use expressions to request attention.",___ over here!,여기 봐!,Watch,Look,Listen,Look,2,___ this! Pay attention!,이것 좀 봐! 집중해!,Read,See,Ignore,See,2,"A: Look over here! B: What do you need? A: See this and focus! B: Alright, I'm checking it out.","A: 여기 봐! B: 뭐가 필요해? A: 이것 좀 보고 집중해! B: 알겠어, 확인할게."
"음식에 대한 선호와 비선호를 표현할 수 있어요.
Do you like와 enjoy를 사용하여 좋아하거나 싫어하는 음식을 말할 수 있어요.","Do you ___ ice cream? B: Yes, I love it.","아이스크림을 좋아하니? 응, 난 정말 좋아해.",enjoy,like,hate,like,2,"A: Do you ___ ice cream? B: Yes, I enjoy it.","아이스크림을 즐기니? 응, 난 즐겨해.",like,enjoy,hate,enjoy,2,"A: Do you like pizza? B: Yes, I love it. A: Do you enjoy burgers? B: Yes, I enjoy them.","A: 피자를 좋아하니? B: 응, 정말 좋아해. A: 버거를 즐기니? B: 응, 즐겨 먹어."
"형용사를 사용하여 사물이나 대상의 크기를 나타낼 수 있어요.
You can describe the size of things by using adjectives.",It's ___.,그것은 커요.,small,big,tiny,big,2,It's ___.,그것은 큽니다.,tiny,large,short,large,2,"A: The package is huge. B: That's surprising; it's much larger than usual. A: Yes, its size is impressive.","A: 소포가 엄청 큽니다. B: 놀라워요, 평소보다 훨씬 큽니다. A: 네, 크기가 정말 인상적이에요."
"조동사 can과 can't를 활용하여 능력과 가능성을 표현할 수 있어요.
can과 can't를 사용해 할 수 있는 일과 불가능한 일을 말할 수 있어요.",I can ___ the piano.,나는 피아노를 칠 수 있어.,sing,play,jump,play,2,I can ___ well.,나는 잘 춤출 수 있어.,run,dance,read,dance,2,"A: I can play the guitar. B: Wow, that's impressive! A: I can dance well, but I cannot swim.","A: 나는 기타를 칠 수 있어. B: 와, 정말 인상적이야! A: 나는 춤을 잘 추지만 수영은 못해."
"부정 표현을 사용해 자신의 불확실함을 표현할 수 있어요.
모르는 상황에서 'I'm not sure.'와 'I have no idea.' 등의 표현을 사용할 수 있어요.","When you are uncertain about an answer, you can say, '___.'",답이 확실하지 않을 때 이렇게 말할 수 있어요.,I'm sure,I'm not sure,I don't know,I'm not sure,2,"If someone asks for your opinion and you truly have no answer, you might respond, '___.'","누군가의 의견을 물었을 때, 정말 모를 때 이렇게 답할 수 있어요.",I can't say.,I have no idea.,I'm not sure.,I have no idea.,2,"A: I'm not really sure about the schedule tonight. B: Honestly, I have no idea what time it starts. A: Maybe we should check online? B: Good idea, let's try that.","A: 오늘 밤 일정이 확실하지 않아요. B: 솔직히 언제 시작하는지 전혀 모르겠어요. A: 인터넷에서 확인해보는 게 어때요? B: 좋은 생각이에요, 그렇게 해요."
"건네는 상황에서 사용할 수 있는 표현을 익힐 수 있어요.
물건을 건네줄 때 자연스럽게 사용할 수 있는 표현이에요.","When handing over something, you say, '___'",물건을 건네줄 때 이렇게 말해요.,Thank you,Here you go.,Excuse me,Here you go.,2,"When passing an item, say, '___'",물건 건넬 때 이렇게 말해요.,There you are. Here it is.,There you are. There it is.,Here you go. There you go.,There you are. Here it is.,1,A: Here you go. B: Thanks a lot! A: There you are. Here it is. B: Wonderful!,A: 여기 있어요. B: 정말 고마워요! A: 저기 있어요. 여기 있습니다. B: 멋져요!
"다른 사람의 생일을 축하하는 말을 사용할 수 있어요.
Wishing you a very happy birthday! 와 같은 표현을 사용할 수 있어요.",______ you a very happy birthday!,너에게 아주 행복한 생일을 기원해!,Celebrating,Wishing,Hoping,Wishing,2,Have a ______ birthday!,멋진 생일 보내세요!,ordinary,fantastic,sad,fantastic,2,"A: Wishing you a very happy birthday! B: Thank you, I really appreciate it! A: Have a fantastic birthday! B: I'm looking forward to the celebration!","A: 너에게 아주 행복한 생일을 기원해! B: 정말 고마워, 진심으로 감사해! A: 멋진 생일 보내세요! B: 축하 파티가 기대돼!"
"기본적인 표현을 사용하여 잘한 일을 칭찬할 수 있어요.
You can use basic expressions to praise good work.",___ job!,정말 잘했어!,Good,Great,Well,Great,2,___ effort!,훌륭한 노력이다!,Mediocre,Excellent,Average,Excellent,2,A: Fantastic work on your presentation. B: Thank you! A: Your superb effort was evident in every detail. B: I appreciate your kind words.,A: 발표에서 환상적인 결과를 냈어. B: 고마워! A: 너의 훌륭한 노력이 모든 부분에 드러났어. B: 네 칭찬에 감사해.
"Let’s 구조를 활용해 제안하는 말을 할 수 있어요.
You can make suggestions using 'Let's' expressions.",Let's ___ some snacks.,간식 좀 먹자.,prepare,eat,drink,eat,2,Let's ___ a game.,게임하자.,make,stop,play,play,3,A: Let's bake a cake. B: Great idea! A: Let's play a board game. B: That sounds fun!,A: 케이크를 만들어 보자. B: 좋은 생각이야! A: 보드게임 하자. B: 재미있겠다!
"자기 자신을 소개하는 간단한 표현을 사용할 수 있어요.
You can use simple expressions to introduce yourself.","___, I'm Jina. What's your name?","안녕, 난 지나야. 이름이 뭐니?",Goodbye,Hello,Hey,Hello,2,"Hi, I'm Sara. ___ Tom.","안녕, 난 사라야. 내 이름은 톰이야.",I am,My name is,Hello,My name is,2,"A: Hello, I'm Lisa. What's your name? B: Hi, I'm David. My name is David. It's a pleasure meeting you.","A: 안녕, 난 리사야. 이름이 뭐니? B: 안녕, 난 데이비드야. 내 이름은 데이비드야. 만나서 반가워."
"간단한 형용사를 사용할 수 있어요.
사물의 크기와 상태를 정확하게 묘사할 수 있어요.",It is ____.,이것은 큽니다.,tiny,large,narrow,large,2,It is ____.,이것은 작습니다.,huge,old,small,small,3,"A: The painting is large in appearance. B: It really captures attention. A: However, the sculpture is small in scale. B: That mix creates a nice balance.",A: 그 그림은 크기가 큽니다. B: 정말 눈길을 사로잡네요. A: 하지만 그 조각은 작아요. B: 그런 조합이 균형을 잘 이루네요.
"금지하는 표현을 사용할 수 있어요.
You can use 'don't' expressions to prohibit actions.","Please don't ___, okay?","제발 뛰지 마, 알겠니?",run,dance,jump,jump,3,"Please don't ___ that, alright?","제발 그거 만지지 마, 알겠니?",push,touch,pick,touch,2,"A: Please don't jump, okay? B: I'll be careful. A: Please don't touch that, alright? B: I won't mess with it.","A: 제발 뛰지 마, 알겠니? B: 조심할게. A: 제발 그거 만지지 마, 알겠니? B: 손대지 않을게."
"간단한 표현을 사용해 상대방의 주의를 끌 수 있어요.
Use simple expressions to grab someone's attention.",___!,봐!,Listen!,Look!,Check!,Look!,2,"Hey, ___ this out! Wow! Come on and see this!","이봐, 이것 좀 봐! 와우! 어서 봐봐!",watch this,check this out,see that,check this out,2,"A: Look! I found a cool sculpture. B: Really? Hey, check this out! I saw another one nearby.","A: 봐! 멋진 조각품을 찾았어. B: 정말? 이봐, 이것 좀 봐! 근처에서 다른 걸 봤어."
"좋아하는 것과 싫어하는 것을 표현할 수 있어요.
You can express what you love or dislike using 'like' expressions.",I ___ apples.,나는 사과를 즐긴다.,dislike,enjoy,avoid,enjoy,2,I ___ oranges. I don't like oranges.,나는 오렌지를 사랑한다. 나는 오렌지를 싫어한다.,hate,see,love,love,3,"A: I enjoy jogging in the park. B: That's nice! I love sunny days. A: I don't like long meetings. B: I agree, they can be tiresome.","A: 나는 공원에서 조깅하는 것을 즐긴다. B: 멋지다! 나는 맑은 날씨를 사랑해. A: 나는 긴 회의를 싫어해. B: 동감이야, 정말 피곤해."
"격려의 표현을 사용할 수 있어요.
You can use supportive expressions to encourage others.",___ in yourself.,자신을 믿어.,Think,Believe,Trust,Believe,2,"Keep going, you can achieve ______. Don't give up, you're capable of ______.","계속 나아가, 성공을 이룰 수 있어. 포기하지 마, 넌 능력이 있어.",failure,success,delay,success,2,"A: Believe in yourself and keep pushing forward. B: Yes, I always remind myself to stay confident. A: Keep going, you can achieve success if you work hard. B: That's right, I won't give up!","A: 자신을 믿고 계속 전진해. B: 맞아, 난 항상 자신감을 잃지 않으려고 해. A: 계속 나아가, 열심히 하면 성공을 이룰 수 있어. B: 그래, 절대 포기하지 않을 거야!"
"have를 사용해 물건의 소유를 표현할 수 있어요.
Do you have? 등의 표현을 사용하여 소유를 표현하는 방법을 배워요.",Do you ___ a bag?,"A: 가방 있어요? B: 네, 가방 있어요.",get,have,own,have,2,Do you ___ a bag?,"A: 가방을 소유하고 있어요? B: 네, 가방 있어요.",own,have,get,own,1,"A: Do you have a pen? B: Yes, I have a pen. A: Do you own a notebook? B: No, I don't have one.","A: 펜 있어요? B: 네, 펜 있어요. A: 공책을 소유하고 있어요? B: 아니요, 공책은 없어요."
"상대방의 나이를 묻고 답할 수 있어요.
You can ask and answer questions about age using phrases like 'How old are you?'.",A: How _____ are you? B: I'm six years old.,A: 몇 살이에요? B: 저는 여섯 살이에요.,young,old,tall,old,2,A: Can you _____ me your age? B: I'm six years old.,A: 당신의 나이를 말해줄래요? B: 나는 여섯 살이야.,hide,tell,read,tell,2,A: How old are you? B: I'm nine years old. A: Could you share your age with me? B: I'm nine years old.,A: 몇 살이에요? B: 저는 아홉 살이에요. A: 나이를 알려주실래요? B: 저는 아홉 살이에요.
"상대방의 의견이나 말에 동의하는 표현을 사용할 수 있어요.
You can agree with others using expressions like 'Absolutely correct.' and 'Exactly. That's accurate.'",_____ correct.,전적으로 맞아요.,Possibly,Absolutely,Probably,Absolutely,2,___ . That's accurate.,정확해요. 정말 맞는 말이에요.,Maybe,Exactly,Never,Exactly,2,A: Absolutely correct. B: I completely agree with your opinion. A: Exactly. That's accurate. B: Your point is very clear.,A: 전적으로 맞아요. B: 당신의 의견에 전적으로 동의해요. A: 정확해요. 정말 맞는 말이에요. B: 당신의 요점이 아주 분명해요.
"‘Let's’를 활용해 활동을 제안하고 응답할 수 있어요.
활동 제안을 통해 상대방의 긍정적 반응을 유도할 수 있어요.",A: Let's ___ together. B: Sure.,A: 같이 ___하자. B: 좋아.,eat,play,read,play,2,A: Let's ___ a song. B: Great idea.,A: 노래를 ___하자. B: 좋은 생각이야.,draw,sing,dance,sing,2,A: Let's dance together. B: Of course! A: Let's read a book. B: That sounds fun.,A: 같이 춤추자. B: 물론이지! A: 책을 읽자. B: 재미있겠네.
"간단한 자기소개 및 이에 대한 답례 표현을 익힐 수 있어요.
자기소개와 답례 표현을 통해 인사하는 방법을 배울 수 있어요.","Hi, I'm ___. — Pleased to meet you.","안녕, 나는 알렉스야. — 만나서 반가워.",Alice,Alex,Ben,Alex,2,"Hello, I am ___. — How do you do?","안녕, 나는 알렉스야. — 처음 뵙겠습니다.",John,Alex,Mary,Alex,2,"A: Hi, I'm Jamie. — Pleased to meet you. B: Hello, I am Morgan. — How do you do?","A: 안녕, 나는 제이미야. — 만나서 반가워. B: 안녕, 나는 모건이야. — 처음 뵙겠습니다."
"사물의 크기를 나타내는 표현을 사용할 수 있어요.
It's ()를 활용해 크기를 묘사할 수 있어요.",It’s ____.,그것은 큽니다.,small,large,tiny,large,2,It’s ____.,그것은 거대합니다.,small,massive,little,massive,2,"A: The container is large. B: Wow, it's very impressive! A: Actually, it's massive in size. B: That really caught my eye.","A: 그 상자는 큽니다. B: 와, 정말 인상적이네요! A: 사실, 크기가 거대합니다. B: 정말 눈에 띄네요."
"간단한 표현으로 칭찬이나 긍정적인 반응을 표현할 수 있어요.
You can express compliments or positive reactions using simple phrases like Fantastic! and Amazing!.",___!,환상적이야.,Excellent!,Fantastic!,Wonderful!,Fantastic!,2,___!,굉장해.,Cool!,Amazing!,Super!,Amazing!,2,A: Fantastic! Your design is truly creative. B: Amazing! I admire your skill.,A: 환상적이야! 네 디자인이 정말 창의적이야. B: 굉장해! 네 실력이 돋보여.
"'enjoy'를 사용하여 좋아하는 음식을 표현할 수 있어요.
'like'를 사용해 음식을 좋아하는 표현과 싫어하는 표현을 구분할 수 있어요.",I ___ fruits.,나는 과일을 즐겨요.,like,enjoy,despise,enjoy,2,I ___ sushi.,나는 초밥을 좋아해.,despise,like,enjoy,like,2,"A: I enjoy ice cream. B: Really? I like broccoli, but I don't enjoy spinach.","A: 나는 아이스크림을 즐겨요. B: 정말? 나는 브로콜리를 좋아하지만, 시금치는 즐기지 않아요."
"하루의 시간대에 맞게 인사할 수 있어요.
You can greet people according to the time of day.",___ morning!,좋은 아침이에요!,Great,Good,Nice,Good,2,___!,안녕하세요!,Hey,Hello,Hi,Hello,2,"A: Good morning! B: Hi there! A: Ready for today's meeting? B: Yes, let's get started.","A: 좋은 아침이에요! B: 안녕하세요! A: 오늘 회의 준비되었나요? B: 네, 시작합시다."
"can/can't 표현을 통해 능력 여부를 나타낼 수 있어요.
can/can't 표현을 사용하여 누군가의 능력을 물어보고 대답할 수 있어요.","A: Can you ___? B: Yes, I can.","A: 너 요리할 수 있어? B: 응, 할 수 있어.",drive,cook,swim,cook,2,"A: Are you ___? B: Absolutely, I can do that.","A: 너 할 수 있니? B: 물론이지, 할 수 있어.",capable of,able to,willing to,able to,2,"A: Can you drive? B: Yes, I can. A: Are you able to drive? B: Absolutely, I can do that.","A: 너 운전할 수 있어? B: 응, 할 수 있어. A: 운전할 수 있니? B: 물론이지, 할 수 있어."
"사용자의 주의를 끌 수 있는 표현을 사용할 수 있어요.
Look over there!와 Take a look! 같은 표현을 사용해 사용자의 주의를 끌 수 있어요.",___ over there!,저기 봐!,Hear,Look,See,Look,2,Take a ___!,한번 봐!,glimpse,look,peek,look,2,"A: Look over there! B: Wow, that is incredible. A: Take a look! B: I can believe my eyes.","A: 저기 봐! B: 와, 정말 놀라워. A: 한번 봐! B: 눈을 의심할 정도야."
"감사의 표현을 사용할 수 있어요.
감사의 표현에 적절히 답할 수 있어요.",Thank ___ .,감사합니다.,yeah,you,u,you,2,___! You're welcome!,고마워! 천만에요!,Hello,Sorry,Thanks,Thanks,3,A: Thank you for your help. B: You're welcome. A: Thanks for everything! B: Always happy to help.,A: 도움을 주셔서 감사합니다. B: 천만에요. A: 모든 것에 고마워요! B: 언제든 기꺼이 도와드려요.
"상대방의 즐거움을 바라는 인사를 사용할 수 있어요.
상대방이 즐거운 시간을 보내도록 기원하는 표현을 사용할 수 있어요.",___ your day!,즐거운 하루 보내세요!,Have,Enjoy,Love,Enjoy,2,Wishing you ___! Make it a great time!,재미있게 보내세요! 멋진 시간을 보내길 바랄게요.,bored,fun,sad,fun,2,"A: Have a wonderful day! B: Thanks, I plan to relax. A: Hope you enjoy yourself! Have an awesome time! B: I really appreciate it.","A: 멋진 하루 되세요! B: 고마워요, 편안하게 보낼 거예요. A: 즐겁게 보내세요! 멋진 시간 보내세요! B: 정말 감사해요."
"상대방에게 물건을 건낼 때 'Here you go' 표현을 사용할 수 있어요.
'Take this. This is for you.'와 같은 표현을 활용하여 상대방에게 물건을 건넬 수 있어요.",___ you go.,여기 있습니다.,There,Here,Come,Here,2,___ this. This is for you.,이것 좀 가져가세요. 이건 당신을 위한 것입니다.,Give,Take,Hold,Take,2,A: Here you go. B: Thank you very much! A: Take this gift with my best wishes. B: I appreciate it so much.,A: 여기 있습니다. B: 정말 감사합니다! A: 이 선물을 받아주세요. B: 진심으로 고맙습니다.
"특정 상황에 맞는 인사를 통해 생일을 축하할 수 있어요.
You can use appropriate greetings to wish someone a happy birthday.","____, Alice!","생일 축하해, Alice!",Congratulations,Good morning,Happy birthday,Happy birthday,3,________ on your birthday! Many happy returns of the day!,생일 축하합니다! 오늘 하루도 행복하시길 바랍니다!,Congratulations,Appreciate,Celebrate,Congratulations,1,"A: Happy birthday, my friend! B: Thank you so much! A: Congratulations on your birthday! I hope your day is filled with joy.","A: 생일 축하해, 내 친구야! B: 정말 고마워! A: 생일 축하합니다! 오늘 하루가 기쁨으로 가득하길 바래."
"위험 상황에서 경고하는 표현을 사용할 수 있어요.
Be able to use warning expressions in dangerous situations.",___! A car is coming.,조심해! 차가 오고 있어.,Be careful,Watch out,Look out,Watch out,2,___! Be careful!,주의해! 조심하십시오.,Watch out,Look out,Hurry up,Look out,2,"A: Watch out! A truck is coming. B: Whoa, that's close! A: Look out! Stay alert.","A: 조심해! 트럭이 오고 있어. B: 와, 정말 위험했어! A: 주의해! 경계하자."
"헤어질 때 사용할 수 있는 간단한 인사 표현을 익힐 수 있어요.
작별 인사 상황에서 적절한 영어 표현을 선택할 수 있어요.",___ now.,이제 잘 가.,Good,Bye,Later,Bye,2,Good bye! ___!,잘 가! 잘 지내!,See you,Take care,Be well,Take care,2,A: Bye now! B: See you later. A: Good bye! Take care! B: You too!,A: 이제 잘 가! B: 나중에 봐. A: 잘 가! 잘 지내! B: 너도!
"이름을 묻는 표현을 정확히 사용할 수 있어요.
다양한 방식으로 이름을 물어보고 대답할 수 있어요.",___ is your name? My name is Liam.,너의 이름이 무엇이니? 내 이름은 Liam이야.,How,What,Why,What,2,Can you tell me ___? I am Liam.,이름을 말해 줄 수 있니? 나는 Liam이야.,your age,your name,your friend,your name,2,"A: What is your name? My name is Noah. B: Nice to meet you, Noah. A: Can you tell me your name? I am Noah.","A: 네 이름이 뭐니? 내 이름은 노아야. B: 노아야, 만나서 반가워. A: 너의 이름을 말해 줄 수 있니? 나는 노아야."
"특정 상황에서 주의를 요청하거나 집중을 끌 수 있어요.
You can use expressions like 'Look over here!' or 'Check this out!' in specific situations.",___ over here!,이리 봐!,Peek,Look,See,Look,2,___ this out!,이것 좀 확인해봐!,Watch,View,Check,Check,3,"A: Look over here, there's something happening. B: What do you mean? A: Check this out, it's really amazing! B: Wow, that's impressive!","A: 이리 봐, 뭔가가 일어나고 있어. B: 무슨 말이야? A: 이것 좀 확인해봐, 정말 대단해! B: 와, 정말 인상적이네!"
"감탄사를 사용하여 기분과 감정을 간단히 표현할 수 있어요.
다양한 감탄사 표현을 활용하여 기쁨이나 놀라움을 나타낼 수 있어요.","___, that was a wonderful performance!","대단해, 멋진 공연이었어!",Awesome!,Amazing!,Terrific!,Amazing!,2,"___, you aced the test!","환상적이야, 너 시험에서 만점을 받았어!",Mediocre!,Fantastic!,Poor!,Fantastic!,2,"A: Wow, that performance was amazing! B: I know, it left us speechless. A: And the ending was fantastic! B: Absolutely, it was unforgettable.","A: 와, 그 공연 정말 대단했어! B: 맞아, 우리 모두 말문이 막혔어. A: 그리고 결말은 환상적이었어! B: 응, 정말 잊을 수 없는 경험이었어."
"like 동사를 사용해 좋아하는 것을 표현할 수 있어요.
영어 문장으로 좋아하는 것을 표현하는 연습을 해봐요.",I ___ ice cream.,나는 아이스크림을 좋아해.,dislike,like,hate,like,2,I really ___ ice cream.,나는 정말 아이스크림을 좋아해.,hate,like,ignore,like,2,"A: I like pizza. B: I really like pizza too. A: Do you like pasta as well? B: No, I prefer pizza.","A: 나는 피자를 좋아해. B: 나도 정말 피자를 좋아해. A: 너 파스타도 좋아해? B: 아니, 나는 피자가 더 좋아."
"대상의 크기를 형용사로 표현할 수 있어요.
You can express the size of objects using adjectives.",It’s ____.,이것은 거대해.,tiny,small,huge,huge,3,It’s ____.,이것은 작아.,large,small,huge,small,2,A: This container is huge. B: Really? I think it looks massive. A: Yet the label on it appears small. B: That's quite interesting.,A: 이 용기는 거대해. B: 정말? 나는 그것이 매우 크게 보인다고 생각해. A: 그런데 라벨은 작아 보여. B: 정말 흥미롭네.
"do/does (not) have를 사용하여 소유 여부를 표현할 수 있어요.
do/does (not) have를 활용하여 부정문과 의문문을 만들 수 있어요.",I ___ a ruler.,나는 자를 가지고 있어요.,has,have,had,have,2,I ___ a ruler.,나는 자를 가지고 있지 않아요.,doesn't have,don't have,do have,don't have,2,A: I have a notebook. B: That's great! A: I don't have a calculator. B: Do you have a smartphone?,A: 나는 공책을 가지고 있어요. B: 멋지네요! A: 나는 계산기를 가지고 있지 않아요. B: 스마트폰은 있어요?
"can을 활용해 자신의 능력을 표현할 수 있어요.
can과 am able to를 활용하여 자신의 능력을 표현할 수 있어요.",I ___ jump.,나는 점프할 수 있어요.,will,can,am,can,2,I ___ jump.,나는 점프할 수 있어요.,do able to,am able to,have able to,am able to,2,"A: I can jump over the small fence. B: Wow, that's impressive! A: And I am able to run even faster.","A: 나는 작은 울타리를 뛰어넘을 수 있어요. B: 와, 대단하네요! A: 그리고 나는 훨씬 더 빠르게 달릴 수 있어요."
"상대방에게 주의를 줄 때 활용되는 표현을 익힐 수 있어요.
Expressions to caution others can be learned.",___ when walking on the stairs.,계단을 걸을 때 조심하세요.,Walk carefully,Be cautious,Stay alert,Be cautious,2,___ when near the edge.,모서리 근처에 있을 때 주의하세요.,Focus on,Pay attention,Ignore,Pay attention,2,"A: Be careful when taking the stairs. B: Sure, I'll be mindful. A: Also, keep an eye out near the edge. B: Got it, safety comes first.","A: 계단을 오를 때 조심하세요. B: 네, 조심하겠습니다. A: 그리고 가장자리에 있을 때도 주의해주세요. B: 알겠습니다, 안전이 최우선이니까요."
"사람의 외모를 형용사를 사용하여 묘사할 수 있어요.
You can describe a person's appearance using adjectives.",He’s ____.,그는 키가 크다.,slender,tall,short,tall,2,He’s ____.,그는 날씬하다.,short,slender,chubby,slender,2,"A: The gentleman seems very tall and poised. B: Indeed, and the lady next to him is quite short and graceful.","A: 저 남자는 매우 키가 크고 당당해 보여요. B: 맞아요, 그리고 옆에 있는 여자는 키가 작고 우아해 보여요."
"주의를 끌 수 있는 표현을 사용할 수 있어요.
Use expressions like 'Look at this!' to grab attention.",___ at this!,이거 봐!,See,Look,Notice,Look,2,___ this out!,이것 좀 확인해봐!,Check,Look,Watch,Check,1,"A: Look at that! B: Wow, that's amazing. A: Check this out! I found something interesting. B: Really? Let me see.","A: 저거 봐! B: 와, 대단해. A: 이거 좀 확인해봐! 뭔가 흥미로운 걸 찾았어. B: 정말? 한번 보자."
"특별한 날을 축하하는 인사를 사용할 수 있어요.
생일 축하 인사 표현을 활용할 수 있어요.",___ Birthday!,생일 축하해!,Great,Happy,Sad,Happy,2,Many happy returns! Have a ___ birthday!,많은 행복이 돌아오길 바라! 멋진 생일 보내!,bad,wonderful,dismal,wonderful,2,A: Happy Birthday! B: Thanks a lot! A: Many happy returns! Enjoy your day!,A: 생일 축하해! B: 정말 고마워! A: 많은 행복이 돌아오길 바라! 오늘 하루 즐겁게 보내!
"함께 행동을 제안하는 표현을 사용할 수 있어요.
Shall we have fun?와 Why don't we have fun?를 통해 제안을 연습할 수 있어요.",______ we have fun?,재미있게 놀까요?,Will,Shall,Should,Shall,2,Why don't we ______?,우리 재미있게 놀자.,eat dinner,go shopping,have fun,have fun,3,A: Shall we play a game? B: Great idea! A: Why don't we try a puzzle? B: That sounds exciting!,A: 게임할까? B: 좋은 생각이야! A: 퍼즐을 해보는 건 어때? B: 정말 신나겠다!
"be 동사를 활용해 자신을 소개할 수 있어요.
You can introduce yourself using the be verb.",A: My name ___ Jack.,내 이름은 Jack이야.,are,am,is,is,3,A: I ___ Jack.,나는 Jack이야.,are,am,is,am,2,"A: Hi, my name is Lisa. B: Nice to meet you, Lisa. A: I am Lisa. B: How do you do?","A: 안녕, 내 이름은 Lisa야. B: 만나서 반가워, Lisa. A: 나는 Lisa야. B: 반갑습니다."
"감탄문을 사용하여 기쁨과 놀라움을 표현할 수 있어요.
You can use exclamations to express joy and surprise.",That's ______!,그거 정말 대단해!,incredible,fantastic,amazing,amazing,3,That's ______! It feels incredible!,정말 멋져! 믿을 수 없을 정도야!,great,wonderful,awesome,wonderful,2,"A: That's astonishing! B: I can't believe how beautiful it is. A: That's wonderful! It feels extraordinary! B: Truly, it's one of a kind.","A: 정말 놀랍다! B: 이곳이 이렇게 아름다울 줄은 몰랐어. A: 그거 정말 멋져! 믿기 어려울 정도야! B: 정말, 유일무이해."
"대화 상황에서 사과 표현을 사용하고 응답할 수 있어요.
You can use apology expressions and appropriate responses in conversations.",A: ___ . B: It's alright.,A: 미안해요. B: 괜찮아요.,I'm excited.,I'm sorry.,I'm hungry.,I'm sorry.,2,A: ___ . B: No problem. A: My apologies. B: That's fine.,A: 사과합니다. B: 문제 없어요. A: 미안합니다. B: 괜찮아요.,I promise.,I apologize.,I regret.,I apologize.,2,"A: I'm sorry, I didn't mean to step on your foot. B: It's alright, accidents happen. A: I apologize for my carelessness. B: No problem, just be careful next time.","A: 미안해요, 당신의 발을 밟을 뜻은 아니었어요. B: 괜찮아요, 사고는 일어나는 법이죠. A: 제 부주의에 대해 사과합니다. B: 문제 없어요, 다음에는 조심하세요."
"감사 표현을 사용할 수 있어요.
You can express gratitude and learn how to respond appropriately.","When someone gives you a gift, you say, '___'","누군가 선물을 주면, '감사합니다.' 라고 말해요.",I'm sorry.,Thank you.,Goodbye.,Thank you.,2,"In an informal situation, you might say, '___'","친근한 상황에서는 '고마워, 정말 고마워요.' 라고 말할 수 있어요.",Please.,Thanks. Many thanks to you.,You're welcome.,Thanks. Many thanks to you.,2,"A: Thank you for the amazing service. B: You're welcome. A: Thanks, I really appreciate it! B: Anytime.","A: 훌륭한 서비스에 감사합니다. B: 천만에요. A: 고마워, 정말 감사해요! B: 언제든지요."
"음식에 대한 선호도를 표현할 수 있어요.
Express likes and dislikes for food using phrases like 'I like' and 'I don't like'.",A: I ___ pizza.,A: 나는 피자를 좋아해.,don't like,love,like,like,3,A: I ___ sushi.,A: 나는 초밥을 즐겨.,like,enjoy,dislike,enjoy,2,A: I don't like broccoli. B: Really? I sometimes like broccoli. A: I enjoy pasta. B: Pasta is really tasty.,A: 나는 브로콜리를 좋아하지 않아. B: 정말? 때때로 나는 브로콜리를 좋아해. A: 나는 파스타를 즐겨. B: 파스타는 정말 맛있어.
"사물을 가리키는 표현을 사용할 수 있어요.
‘Look at ()’와 같은 표현을 통해 사물을 가리킬 수 있어요.",___ the butterfly.,나비를 봐.,Watch,Look at,Glance at,Look at,2,___ the butterfly carefully.,나비를 주의 깊게 관찰해.,Ignore,Observe,Notice,Observe,2,"A: Look at the flower. B: Wow, that flower is really lovely! A: Observe the flower carefully. B: It looks amazing under the sunlight.","A: 꽃을 봐. B: 와, 그 꽃 정말 예쁘다! A: 꽃을 주의 깊게 관찰해. B: 햇살 아래에서 정말 멋져 보여."
"have를 사용하여 소유 여부를 말할 수 있어요.
다양한 소유 표현 (have, don't have, own, don't own)을 사용할 수 있어요.",I ___ an eraser.,나는 지우개를 가지고 있어.,has,own,have,have,3,I don't ___ a pen.,나는 펜을 소유하지 않아.,have,need,own,own,3,"A: I have a notebook. B: Oh, that's great! A: I don't own a calculator. B: Why not?","A: 나는 공책을 가지고 있어. B: 오, 멋지다! A: 나는 계산기를 소유하지 않아. B: 왜 그래?"
"can 및 can't를 사용하여 능력을 표현할 수 있어요.
문장 구조를 활용해 할 수 있는 것과 할 수 없는 것을 말할 수 있어요.","A: Can you ___? B: Yes, I can.","A: 수영할 수 있어? B: 응, 할 수 있어.",run,swim,dance,swim,2,"A: Are you able to ___? B: Yes, I am. A: Do you know how to ___? B: Yes, I do.","A: 수영할 수 있어? B: 응, 할 수 있어. A: 수영하는 방법을 알아? B: 응, 알아.",dance,swim,run,swim,2,"A: Can you dance? B: Yes, I can. A: Are you able to dance? B: Yes, I am. A: Do you know how to dance? B: Yes, I do.","A: 춤출 수 있어? B: 응, 할 수 있어. A: 춤출 수 있니? B: 응, 할 수 있어. A: 춤추는 법을 알아? B: 응, 알아."
"동물에 대한 질문과 응답을 할 수 있어요.
특정 동물의 여부를 확인하는 표현을 사용할 수 있어요.","A: Is it a ___? B: Yes, it is.","A: 이게 사자야? B: 그래, 맞아.",tiger,lion,elephant,lion,2,"A: Is it a ___? B: No, it isn't.",A: 이게 새야? B: 아니야.,elephant,bird,cat,bird,2,"A: Is it a tiger? B: Yes, it is. A: Is it a cat? B: No, it isn't.","A: 이게 호랑이야? B: 응, 맞아. A: 이게 고양이야? B: 아니야."
"He’s/She’s ()을 활용해 외모를 묘사하는 방법을 배워요.
다양한 외모 묘사 표현을 사용할 수 있어요.",He is __.,그는 키가 커요.,short,tall,slim,tall,2,She is __.,그녀는 키가 작아요.,tall,short,big,short,2,"A: He is tall and athletic. B: Indeed, his height gives him confidence. A: She is short but spirited. B: Absolutely, her energy brightens the room.","A: 그는 키가 크고 운동적이에요. B: 맞아요, 그의 키가 자신감을 줘요. A: 그녀는 키가 작지만 활발해요. B: 맞아요, 그녀의 에너지가 방을 환하게 해요."
"제안을 하는 표현을 사용할 수 있어요.
제안에 응답하는 표현을 활용할 수 있어요.",A: Let's ______ the park.,공원을 방문하자.,skip,visit,play,visit,2,A: Let's ______ something.,뭔가를 시도해보자.,watch,try,prepare,try,2,"A: Let's go for a bike ride. B: That sounds exciting! A: Let's try a new path. B: Great, I'm in!","A: 자전거 타러 가자. B: 정말 신나겠다! A: 새로운 길을 시도해보자. B: 좋아, 바로 출발하자!"
"자기소개에 be 동사를 활용할 수 있어요.
자기소개에서 be 동사의 올바른 표현을 사용할 수 있어요.","___, I'm Kim.","안녕, 나는 Kim이야.",Bye,Hi,Hello,Hi,2,"___, my name is Kim.","안녕, 내 이름은 Kim이야.",How,Hello,See,Hello,2,"A: Hi, I'm Alex. B: Nice to meet you, Alex! A: Hello, my name is Maria. B: Pleased to meet you, Maria.","A: 안녕, 나는 Alex야. B: Alex야, 반가워! A: 안녕, 내 이름은 Maria야. B: Maria야, 만나서 반가워."
"감사의 표현을 사용할 수 있어요.
You can express your gratitude using appropriate phrases.",_____ a lot!,정말 고마워!,No thanks,Thanks,Grateful,Thanks,2,_____ thanks! Thank you very much!,정말 감사합니다!,Thankful,Many,Lots,Many,2,A: Thanks a lot! B: I really appreciate your help. A: Many thanks! Thank you very much! B: It was my pleasure to assist.,A: 정말 고마워! B: 네 도움에 진심으로 감사해. A: 정말 감사합니다! B: 도와줄 수 있어서 기뻐.
"사과하는 표현을 익힐 수 있어요.
'I'm sorry.'와 'That's alright.'를 사용하여 사과와 답변을 할 수 있어요.",A: ___ B: That's alright.,A: 미안해요. B: 괜찮아요.,Excuse me.,I'm sorry.,I apologize.,I'm sorry.,2,A: Excuse me. B: It's okay. A: ___ B: No problem.,A: 실례합니다. B: 괜찮아요. A: 죄송합니다. B: 문제없어요.,I apologize.,I'm sorry.,Pardon me.,I apologize.,1,"A: I'm sorry for the mistake I made. B: That's alright, everyone makes errors sometimes. A: Excuse me, could you help me with this task? B: It's okay, I'd be happy to assist.","A: 내가 실수해서 미안해. B: 괜찮아, 누구나 실수하니까. A: 실례합니다, 이 일 좀 도와줄래요? B: 괜찮아요, 기꺼이 도와줄게."
"사물의 크기를 묘사하는 표현을 사용할 수 있어요.
You can describe the size of objects using 'It's'.",It's ______.,그것은 엄청나게 커요.,tiny,enormous,average,enormous,2,It's ______.,그것은 크게 보여요.,tiny,blue,large,large,3,"A: That tower is enormous. B: Yes, it really stands out. A: Over there, the hall is large. B: Indeed, it's impressive.","A: 저 탑은 엄청나게 커요. B: 네, 정말 눈에 띄어요. A: 저쪽에 있는 전당도 커요. B: 맞아요, 인상적이에요."
"개인의 선호도를 표현할 수 있어요.
I like/don't like를 통해 개인의 선호도를 나타낼 수 있어요.",A: I ___ cake.,A: 나는 케이크를 좋아해.,love,like,dislike,like,2,A: I ___ cake.,A: 나는 케이크를 즐긴다.,fond,enjoy,adore,enjoy,2,A: I like ice cream. B: Really? I enjoy trying different flavors.,A: 나는 아이스크림을 좋아해. B: 정말? 나는 다양한 맛을 즐겨봐.
"고마움에 대한 답변으로 사용되는 표현을 익힐 수 있어요.
Learn how to respond to expressions of gratitude.",___ problem!,문제 없어요!,Yes,No,Not,No,2,It’s no big deal. ___ mention it.,별말씀을요.,Never mention it.,Don't mention it.,Not mention it.,Don't mention it.,2,A: Thanks for your help today. B: No problem! A: I really appreciate your assistance. B: It's no big deal. Don't mention it.,A: 오늘 도움 줘서 고마워. B: 문제 없어요! A: 네 도움에 정말 감사해. B: 별말씀을요.
"can / can't를 활용해 자신이 할 수 있는 것과 할 수 없는 것을 표현할 수 있어요.
Express what you can and can't do using can / can't.",I ___ dance.,나는 춤출 수 있어요.,can't,can,will,can,2,I am ___ to play the guitar.,나는 기타를 칠 수 있어요.,able,can,learn,able,1,"A: I can juggle. B: Really? I can't juggle at all. A: I am able to solve puzzles. B: Wow, that's impressive.","A: 나는 저글링 할 수 있어. B: 정말? 나는 전혀 저글링 못해. A: 나는 퍼즐도 해결할 수 있어. B: 와, 대단해."
"가지고 있는 물건을 표현할 수 있어요.
가지고 있지 않은 물건과 질문을 표현할 수 있어요.",I ___ a bag.,나는 가방을 가지고 있어.,has,have,had,have,2,I do not ___ a pen. Do you ___ a pencil?,나는 펜을 가지고 있지 않아. 너는 연필을 가지고 있어?,had,have,has,have,2,"A: I have a notebook. B: Really? I do not have a calculator. Do you have a pencil? A: Yes, I have a pencil.","A: 나는 공책을 가지고 있어. B: 정말? 나는 계산기를 가지고 있지 않아. 너는 연필을 가지고 있어? A: 응, 나는 연필을 가지고 있어."
"특정 상황에서 축하 인사말을 사용할 수 있어요.
Use congratulatory greetings appropriately in specific contexts.",_____ birthday!,생일 축하해!,Big,Happy,Sad,Happy,2,_____ on your birthday! Wishing you a wonderful birthday!,생일 축하해! 멋진 생일 보내길 바래!,Greetings,Congratulations,Sorry,Congratulations,2,"A: Happy birthday, my dear friend! B: Thank you so much! A: Congratulations on your birthday! May your day be filled with joy! B: I truly appreciate your kind wishes.","A: 생일 축하해, 내 친한 친구야! B: 정말 고마워! A: 생일 축하해! 오늘 하루가 기쁨으로 가득하길 바래! B: 네 따뜻한 말에 정말 감사해."
"형용사를 활용하여 외모를 설명할 수 있어요.
You can describe appearances using adjectives.",She is ___.,그녀는 키가 커요.,short,tall,old,tall,2,He is ___.,그는 잘생겼어요.,rich,funny,handsome,handsome,3,"A: She is very tall during the meeting. B: I agree, her height really stands out. A: He is remarkably handsome at the event. B: Yes, his charm is undeniable.","A: 그녀는 회의에서 정말 키가 커요. B: 맞아요, 그녀의 키가 확실히 눈에 띄네요. A: 그는 행사에서 눈에 띄게 잘생겼어요. B: 네, 그의 매력이 확실해요."
"대상이나 사물을 가리키는 표현을 사용할 수 있어요.
Able to use the 'Look at ()' expression to refer to objects.",___ the tree.,나무를 관찰해.,Ignore,Observe,Oversee,Observe,2,Have a ___ at the tree.,나무를 한번 봐.,read,look,eat,look,2,A: Observe the mountain. B: Have a look at the river.,A: 산을 관찰해. B: 강을 한번 봐.
"제안을 나타내는 표현을 사용할 수 있어요.
Let's play outside와 같은 표현을 사용하여 제안을 할 수 있어요.",Let's ____ outside.,밖에서 놀자.,run,play,sleep,play,2,Why don't we ____ outside?,왜 밖에서 놀지 않을래?,read,play,sit,play,2,"A: Let's try a bike ride outside. B: That sounds like a great plan! A: Shall we ride to the park? B: Yes, let's enjoy the fresh air.","A: 밖에서 자전거 타자. B: 좋은 생각이야! A: 공원에 갈래? B: 응, 신선한 공기를 즐기자."
"자신을 소개하는 표현을 배울 수 있어요.
You can use expressions to introduce yourself.",___ Anna.,나는 Anna야.,I be,I’m,I was,I’m,2,___ Anna.,내 이름은 Anna야.,I’m,My name is,This is,My name is,2,"A: I’m Grace. I enjoy reading books. B: Hi Grace, my name is Lily. I also enjoy painting.","A: 나는 Grace야. 책 읽는 것을 좋아해. B: 안녕 Grace야, 내 이름은 Lily야. 나도 그림 그리는 것을 좋아해."
"칭찬하는 표현을 사용할 수 있어요.
Learn expressions to praise others.",___ work!,잘 했어!,Good,Nice,Great,Nice,2,Great ___! Well done!,멋진 일이야! 잘 했어!,job,play,act,job,1,"A: Nice work! B: I appreciate your efforts. A: Great job! Well done! B: Thanks, I feel motivated.","A: 잘했어! B: 너의 노력이 돋보였어. A: 멋진 일이야! 잘 했어! B: 고마워, 힘이 되었어."
"감사 표현을 다양하게 사용할 수 있어요.
상대방에게 감사를 효과적으로 전달할 수 있어요.",A: ________ . B: No problem.,A: 감사합니다. B: 문제 없어요.,Sorry,Thank you,Bye,Thank you,2,A: I _______ it. B: Anytime.,A: 정말 감사해요. B: 언제든지.,appreciate,applaud,admire,appreciate,1,A: Thanks a bunch. B: Don’t mention it. A: I really appreciate your help. B: My pleasure.,A: 정말 고마워. B: 별말씀을요. A: 너의 도움이 정말 큰 힘이 되었어. B: 기꺼이 도와줄게.
"상대방의 말에 동의하는 표현을 사용할 수 있어요.
You can express agreement with what others say.",That’s ______.,그렇습니다.,incorrect,correct,almost,correct,2,You’re ______. Exactly!,너가 맞아. 정말!,right,false,partly,right,1,A: That's correct. B: Yes indeed. A: You're right. Exactly! B: Of course!,A: 맞습니다. B: 정말 그렇네요. A: 너가 맞아. 정말! B: 물론이죠.
"자신이 가지고 있는 것과 없는 것을 말하는 표현을 배울 수 있어요.
Learn to express what you have and do not have.",I don't ___ a ruler.,나는 자가 없어.,own,have,take,have,2,I own a ___.,나는 자를 가지고 있어.,bag,ruler,pen,ruler,2,A: I don't have a backpack. B: Really? I own a backpack.,A: 나는 배낭이 없어. B: 정말? 나는 배낭을 가지고 있어.
"사과하는 표현을 사용할 수 있어요.
답하는 표현을 사용할 수 있어요.",A: ___,A: 미안해.,I'm sorry,Thank you,Good bye,I'm sorry,1,B: ___,B: 괜찮아.,Excuse me,That's okay,I'm sorry,That's okay,2,"A: I'm sorry, I forgot our meeting. B: No worries, we can reschedule. A: My apologies for the mix-up. B: Don't worry about it, everything's fine.","A: 미안해, 약속을 잊었어. B: 괜찮아, 다시 약속 잡자. A: 혼란을 드려서 미안해. B: 걱정하지 마, 다 괜찮아."
"좋아하는 것과 싫어하는 표현을 사용할 수 있어요.
You can express what you like and dislike.",I ___ oranges.,나는 오렌지를 좋아해요.,dislike,like,love,like,2,I ___ eating cake.,나는 케이크 먹는 것을 즐겨요.,ignore,enjoy,hate,enjoy,2,"A: I don’t like oranges. B: Oh, really? I like peaches instead. A: I enjoy eating ice cream. B: Me too, it's delicious.","A: 나는 오렌지를 별로 안 좋아해요. B: 아, 그래요? 저는 대신 복숭아를 좋아해요. A: 나는 아이스크림 먹는 것을 즐겨요. B: 나도 그래요, 정말 맛있어요."
"동물이나 식물의 종류를 확인하는 표현을 배울 수 있어요.
You can ask questions to determine the type of animal or plant.","A: Is it a ___? B: Yes, it is./No, it isn’t.","A: 이것은 고양이인가요? B: 네, 그렇습니다./아니요, 그렇지 않습니다.",dog,cat,rat,cat,2,"A: Is this a ___? B: Yes, it is./No, it isn’t.","A: 이것은 장미인가요? B: 네, 그렇습니다./아니요, 그렇지 않습니다.",tulip,rose,daisy,rose,2,"A: Is it a fish? B: Yes, it is. A: Is that a cactus? B: No, it isn’t.","A: 이것은 물고기인가요? B: 네, 맞아요. A: 저것은 선인장이 아닌가요? B: 아니요, 그렇지 않아요."
"자신이 할 수 있는 것과 없는 것을 표현하는 방법을 배울 수 있어요.
Learn how to express what you can and cannot do.",I can ___.,나는 ___ 할 수 있어요.,run,swim,draw,swim,2,I don't know how to ___.,나는 ___ 방법을 모른다.,swim,sing,dance,swim,1,"A: I can cycle around the park. B: I don't know how to cycle, could you show me?","A: 나는 공원 주변을 자전거로 탈 수 있어. B: 나는 자전거 타는 법을 몰라, 좀 알려줄래?"
"사람의 특징을 묘사하는 표현을 사용할 수 있어요.
Able to use expressions to describe people.",He’s ________.,그는 강해요.,smart,strong,slow,strong,2,She looks ________.,그녀는 친절해 보여요.,rich,tall,kind,kind,3,"A: He looks really strong today. B: Yes, his power is impressive. A: And she looks exceptionally kind as well. B: I agree, her smile brightens up the room.","A: 오늘 그는 정말 힘있어 보여. B: 맞아, 그의 힘이 인상적이야. A: 그리고 그녀도 매우 친절해 보여. B: 응, 그녀의 미소가 분위기를 밝게 해."
"행동을 지시하는 표현을 사용할 수 있어요.
You can give commands using simple expressions.",___ on your hat.,네 모자를 써.,Remove,Put,Take,Put,2,___ off your coat.,네 코트를 벗어.,Put,Take,Drop,Take,2,"A: Put on your jacket. B: Okay, I'll put it on. A: Take off your shoes. B: Sure, I'm taking them off.","A: 자켓을 입어. B: 좋아, 입을게. A: 신발을 벗어. B: 그래, 벗을게."
"상대방의 주의를 끄는 표현을 배워요.
Learn expressions to get someone's attention.",___!,봐!,See!,Look!,Watch!,Look!,2,___,이거 봐! 저기 봐!,"Check this out! Hey, look over here!",See that! Look there!,Watch out! Over here!,"Check this out! Hey, look over here!",1,A: Look! The stars are bright tonight. B: They sure are! A: Check this out! The sky is full of wonders. B: It's amazing!,A: 봐! 오늘 밤 별들이 밝게 빛나. B: 정말 그래! A: 이거 봐! 하늘에 경이가 가득해. B: 정말 멋져!
"칭찬할 때 적절한 표현을 사용할 수 있어요.
You can use effective expressions to compliment.",___!,대단해!,Good!,Great!,Bad!,Great!,2,___ Well done!,멋져! 수고했어!,Great!,Awesome!,Okay!,Awesome!,2,"A: Excellent work on your project! B: Superb effort, keep it up.","A: 프로젝트에서 훌륭하게 해냈어! B: 멋진 노력, 계속 그렇게 해봐."
"좋아하는 것과 싫어하는 것을 표현할 수 있어요.
You can express likes and dislikes using 'I like' and 'I don’t like'.",I ___ apples.,나는 사과를 좋아해.,avoid,like,hate,like,2,I ___ eating apples.,나는 사과 먹는 것을 즐겨.,avoid,enjoy,hate,enjoy,2,"A: I don’t like apples. B: Oh, I like oranges. A: I enjoy eating berries. B: I dislike grapes.","A: 나는 사과를 좋아하지 않아. B: 오, 나는 오렌지를 좋아해. A: 나는 베리를 먹는 것을 즐겨. B: 나는 포도를 싫어해."
"사물이나 동물의 크기를 설명할 수 있어요.
‘They’re huge.’와 같은 표현을 사용하여 특징을 설명할 수 있어요.",They're ____.,그들은 엄청 커요.,massive,huge,tiny,huge,2,They're very ____.,그들은 매우 커요.,small,huge,big,huge,2,"A: Look at that elephant, it's enormous! B: I agree, its size is truly impressive.","A: 저 코끼리를 봐, 정말 거대해! B: 맞아, 크기가 정말 인상적이야."
"자신의 능력을 표현하는 방법을 익힐 수 있어요.
Learn how to express your abilities through can and cannot statements.",I ___ sing.,나는 노래할 수 있어.,can't,will,can,can,3,I'm ___ to climb.,나는 등산할 수 있어.,willing,able,unable,able,2,"A: I can dance. B: Wow, you dance amazingly! A: I'm able to perform at the local show. B: That's fantastic, I can't wait to see it.","A: 나는 춤출 수 있어. B: 와, 너 정말 멋지게 춤추네! A: 나는 동네 공연에서 공연할 수 있어. B: 정말 대단해, 꼭 보고 싶어."
"가지고 있는 물건과 없는 물건을 표현할 수 있어요.
You can express possession by stating what you have and what you don't have.",I ___ a notebook.,나는 노트북을 가지고 있어.,has,have,had,have,2,I ___ a notebook.,나는 노트북을 소유해.,own,prefer,have,own,1,"A: I have a smartphone. B: That's cool! I don't have one. A: I own a tablet. B: Wow, that's unique!",A: 나는 스마트폰을 가지고 있어. B: 멋지다! 나는 스마트폰이 없어. A: 나는 태블릿을 소유해. B: 정말 독특하네!
"감정이나 상태를 나타내는 표현을 사용할 수 있어요.
자신의 기분을 표현하는 방법을 배울 수 있어요.",I'm ____.,나는 긴장해.,happy,nervous,excited,nervous,2,I feel excited. I'm really ____.,나는 신나. 정말 신나.,worried,excited,bored,excited,2,"A: I'm nervous about the upcoming test. B: Don't worry, you've prepared well. A: I feel excited about our class trip. B: That's great, I hope you have a fun time.","A: 다가오는 시험 때문에 난 긴장돼. B: 걱정 마, 잘 준비했으니까. A: 우리 수학여행이 신나. B: 정말 좋다, 즐거운 시간 보내길 바래."
"상대방에게 감사를 표현하는 방법을 배워요.
감사에 대한 답변을 표현하는 법을 익혀요.",A: ___! B: You're welcome.,A: 정말 고마워요! B: 천만에요.,I appreciate it!,Thanks so much!,Thanks a lot!,Thanks a lot!,3,A: Thanks so much. B: No problem. A: ___.,A: 정말 고마워요. B: 문제없어요. A: 정말 감사합니다.,I appreciate it.,Thanks so much.,You're welcome.,I appreciate it.,1,"A: Thanks a bunch! B: My pleasure. A: I truly appreciate it. B: Anytime, happy to help.","A: 정말 고마워요! B: 별말씀을요. A: 진심으로 감사합니다. B: 언제든지, 도와드릴게요."
"사람의 외형과 특징을 묘사하는 표현을 사용할 수 있어요.
You can describe people by using expressions like 'She’s friendly.'",She’s ______.,그녀는 다정해.,rude,friendly,quiet,friendly,2,He’s very ______.,그는 매우 친절해.,smart,kind,tall,kind,2,"A: She’s warm. B: I really appreciate her kindness. A: He’s very funny. B: Yes, he always makes everyone laugh.","A: 그녀는 다정해. B: 그녀의 다정함이 참 매력적이야. A: 그는 매우 웃겨. B: 맞아, 항상 모두를 웃게 해."
"제안하는 표현을 사용하여 함께 할 활동을 권할 수 있어요.
You can learn ways to suggest activities using expressions.",A: ______. B: Sounds fun.,A: 밖에 나가자. B: 재밌겠다.,Let's watch TV,Let's go outside,Let's stay indoors,Let's go outside,2,A: ______ a puzzle? B: Okay!,A: 퍼즐을 해보자? B: 좋아.,How about,Let's try,Let's go,Let's try,2,A: Let's go outside. B: Sounds fun. A: How about we play soccer? B: That's a great idea!,A: 밖에 나가자. B: 재밌겠다. A: 축구하자? B: 정말 좋은 생각이야.
"헤어질 때 인사하는 표현을 사용할 수 있어요.
Can use expressions to say goodbye when parting.",A: ___.,A: 안녕.,Hello,Bye,Good night,Bye,2,A: ___! A: Goodbye!,A: 또 봐! 안녕!,What’s up?,See you!,Good morning!,See you!,2,A: Catch you later. B: Bye now! A: Take care. B: See you soon!,A: 나중에 봐. B: 잘 가! A: 건강히 지내. B: 곧 보자!
"주의를 끌 때 사용할 수 있는 핵심 표현을 익힐 수 있어요.
사람들의 관심을 사로잡는 표현을 사용할 수 있어요.",A: ___!,A: 봐!,Glance,Look,Peek,Look,2,A: ___ this out!,A: 이거 봐봐!,Peek,Check,Watch,Check,2,"A: Look at that colorful kite flying in the sky. B: It really caught my eye! A: Check this out! A new mural has just been painted on the wall. B: Wow, that is impressive!","A: 저 하늘을 나는 알록달록한 연을 봐. B: 정말 눈길을 끌어! A: 이거 봐봐! 벽에 새로운 벽화가 그려졌어. B: 와, 정말 인상적이야!"
"사과하는 표현을 익히고 이에 답하는 표현을 사용할 수 있어요.
사과와 답변의 핵심 표현을 익혀요.",A: ___ . B: That’s okay.,A: 미안해. B: 괜찮아.,I’m happy.,I’m sorry.,I’m angry.,I’m sorry.,2,A: ___ about that. B: No problem.,A: 그 일에 대해 미안해. B: 문제 없어.,Apologize,Sorry,Regret,Sorry,2,"A: I’m sorry for breaking the window. B: That’s okay, it was an accident. A: Sorry about that. B: No problem, don’t worry.","A: 창문을 깨뜨려서 미안해. B: 괜찮아, 사고였어. A: 그 일에 대해 미안해. B: 문제 없어, 걱정하지 마."
"칭찬하는 표현을 사용할 수 있어요.
A: Good!와 A: Great job! 또는 A: Well done!과 같은 표현을 사용하여 칭찬할 수 있어요.",A: ___!,좋아!,Great,Good,Bad,Good,2,A: ___ job!,아주 잘했어!,Well,Great,Good,Great,2,A: Good! I really appreciate your hard work. B: Thanks! Your dedication is inspiring. A: Great job! Let's continue striving for excellence.,A: 좋아! 네 노력을 정말 높이 평가해. B: 고마워! 네 헌신은 감동적이야. A: 훌륭해! 계속해서 최선을 다하자.
"음식을 좋아하거나 싫어하는 표현을 사용할 수 있어요.
Can express your food preferences using 'I like/I don't like' expressions.",A: I ___ spaghetti.,나는 스파게티를 좋아해.,don't like,like,enjoy,like,2,A: I ___ pizza.,나는 피자를 즐겨해.,hate,dislike,enjoy,enjoy,3,A: I like ice cream. B: I don't like broccoli. A: I enjoy fruit. B: I dislike spinach.,A: 나는 아이스크림을 좋아해. B: 나는 브로콜리를 싫어해. A: 나는 과일을 즐겨해. B: 나는 시금치를 싫어해.
"감사 표현과 답변하는 방법을 익힐 수 있어요.
Learn how to express gratitude and respond appropriately.",A: ______.,A: 감사합니다.,Thank,Thank you,Thanks,Thank you,2,B: ______.,B: 문제 없어요.,Definitely not,No problem,"Uh, okay",No problem,2,"A: Thank you, I appreciate your support. B: You're welcome, happy to help.","A: 감사합니다, 응원해 주셔서 고마워요. B: 천만에요, 도와드릴 수 있어 기뻐요."
"동물을 묘사하는 표현을 사용할 수 있어요.
Can use expressions to describe animals.",A: It’s ___.,이것은 작아요.,large,tiny,small,small,3,A: It’s ___.,이것은 폭신해요.,rough,fluffy,stiff,fluffy,2,"A: This animal is tiny. B: Yes, and it is very fluffy. A: Look at how unique it is. B: I agree, its features are interesting.","A: 이 동물은 정말 작아요. B: 맞아요, 그리고 아주 폭신해요. A: 얼마나 독특한지 보세요. B: 동의해요, 특징이 참 인상적이에요."
"물건을 가지고 있거나 가지고 있지 않은 상태를 표현할 수 있어요.
You can express whether you have something or not using I have/I don't have.",A: I ___ a notebook.,A: 나는 노트북을 가지고 있어요.,has,own,have,have,3,A: I ___ a phone.,A: 나는 핸드폰을 가지고 있어요.,need,own,lend,own,2,A: I have a tablet. B: That's cool! A: I don't have a charger. B: You should buy one.,A: 나는 태블릿을 가지고 있어요. B: 멋지다! A: 하지만 충전기는 없어요. B: 하나 사는 게 어때요?
"영어로 할 수 있는 것과 할 수 없는 것을 'I can/I can’t' 표현을 사용하여 말할 수 있어요.
I can/I can’t를 사용하여 자신의 능력과 한계를 표현할 수 있어요.",A: I can ____.,A: 나는 춤출 수 있어.,sing,dance,jump,dance,2,A: I'm good at ____.,A: 나는 수영을 잘해.,drawing,swimming,reading,swimming,2,"A: I can’t climb. B: Oh, really? I can dance though. A: I'm good at running. B: That's impressive!",A: 나는 등반을 못해. B: 정말? 나는 춤출 수 있어. A: 나는 달리기를 잘해. B: 대단해!
"사람의 외모나 특징을 표현하는 방법을 배워요.
He’s/She’s ()를 사용하여 외모나 특징을 묘사할 수 있어요.",A: ___ strong.,A: 그는 강하다.,She's,He’s,It’s,He’s,2,A: ___ tall.,A: 그녀는 키가 크다.,He’s,She's,I'm,She's,2,A: He’s friendly. B: That’s amazing. A: She’s organized. B: Really impressive.,A: 그는 친절해. B: 정말 대단해. A: 그녀는 조직적이야. B: 정말 인상적이야.
"제안하는 표현을 사용할 수 있어요.
Let’s ()와 같은 제안 표현을 익힐 수 있어요.",A: Let’s ____ to the park.,공원에 가자.,run,go,stay,go,2,A: Why don't we ____?,우리 가는 건 어때?,stay,sleep,go,go,3,"A: Let's try the new cafe downtown. B: That sounds fun! How about visiting it tomorrow? A: Yes, let's meet there. B: Great plan, see you tomorrow.","A: 시내에 새로 생긴 카페에 가자. B: 정말 재미있을 것 같아! 내일 방문하는 건 어때? A: 응, 거기서 만나자. B: 좋은 계획이야, 내일 봐."
"자기소개하는 표현을 사용할 수 있어요.
자신의 이름과 별명을 소개할 수 있어요.",___ Minho.,나는 민호야.,I do,I’m,I goes,I’m,2,My name is Minho. I ___ Minho.,내 이름은 민호야. 나는 민호라고 불러.,called,go by,roll by,go by,2,"A: I'm Alex. B: Hi, Alex! A: My name is Alex. I go by Lex. B: Great to meet you, Lex.","A: 나는 알렉스야. B: 알렉스야, 안녕! A: 내 이름은 알렉스야. 나는 렉스라고 불러. B: 만나서 반가워, 렉스."
"명령문에 적절하게 답할 수 있어요.
일상 대화에서 동의하는 표현을 사용할 수 있어요.",___.,알겠습니다.,Sorry,Okay,Oops,Okay,2,___.,그래.,Oops,Maybe,Sure,Sure,3,A: Okay. I'll begin the project now. B: Sure. I'll support you along the way.,A: 알겠습니다. 지금 프로젝트를 시작할게요. B: 그래요. 도와드릴게요.
"물건을 묘사하는 방법을 배울 수 있어요.
Learn how to describe objects using 'I have' expressions.",I have a ______.,나는 샤프너를 가지고 있어요.,scissors,sharpener,stapler,sharpener,2,I own a ______.,나는 샤프너를 소유하고 있어요.,pen,sharpener,pencil,sharpener,2,"A: I have a sharpener in my drawer. B: Cool! I own a pencil case, and I carry a ruler every day.","A: 나는 서랍에 샤프너를 가지고 있어. B: 멋지다! 나는 필통을 소유하고, 매일 자를 가지고 다녀."
"사물을 확인하는 방법을 배울 수 있어요.
You can ask questions to check objects using the 'Is it ()?' pattern.","A: Is it a ___? B: No, it isn’t.",A: 그게 ___인가요? B: 아니에요.,cat,dog,bird,dog,2,"A: Is this a ___? B: Yes, it is.",A: 이것은 ___인가요? B: 맞아요.,cup,pen,book,pen,2,"A: Is it a cat? B: Yes, it is. A: Could that be a horse? B: No, I don’t think so.","A: 그게 고양이예요? B: 네, 맞아요. A: 저것이 말일까요? B: 아니요, 아닌 것 같아요."
"사람의 외모와 성격을 묘사할 수 있어요.
Learn how to describe a person’s appearance and traits.",She's ___.,그녀는 친절해.,smart,kind,funny,kind,2,He’s very ___.,그는 매우 키가 크다.,old,tall,short,tall,2,A: She's kind and caring. B: I've noticed he’s very tall too. A: And she looks cheerful.,A: 그녀는 친절하고 배려심 있어. B: 나도 그가 매우 키가 크다는 걸 알아챘어. A: 그리고 그녀는 명랑해 보여.
"제안하고 반응하는 방법을 배울 수 있어요.
Learn how to propose and respond using 'Let's' expressions.",A: Let's ____.,"A: 하이킹 가자. B: 재밌겠다. / 미안, 괜찮아.",go sleeping,go hiking,go swimming,go hiking,2,A: Let's try ____.,A: 한 번 요리해보자. B: 좋아! / 다음 기회에.,running,cooking,reading,cooking,2,A: Let's go jogging. B: That's appealing. A: Why don't we try cooking? B: That seems like a fun idea.,A: 조깅하러 가자. B: 좋은 생각이야. A: 한 번 요리해보는 건 어때? B: 재밌을 것 같아.
"이름을 묻고 답하는 표현을 사용할 수 있어요.
Can use expressions to ask and answer names in English.",A: ___ your name? B: My name is Lily.,A: 너의 이름이 뭐니? B: 내 이름은 Lily야.,Where's,What's,Who is,What's,2,B: My name is ___.,B: 내 이름은 Lily야.,Jenny,Lily,Lucy,Lily,2,A: May I ask your name? B: My name is Rose. A: How should I address you? B: You can call me Rose.,A: 네 이름을 물어봐도 될까요? B: 내 이름은 Rose야. A: 어떻게 불러야 할까요? B: Rose라고 불러줘.
"일상 대화에서 감사를 표현할 수 있어요.
Thank you for helping me과 같은 표현을 사용하여 감사의 마음을 전달할 수 있어요.",_____ for helping me.,도와줘서 고마워.,Goodbye,Thank you,Sorry,Thank you,2,I _____ your support.,당신의 지지에 감사합니다.,dislike,appreciate,ignore,appreciate,2,A: I truly value your help today. B: I’m glad I could assist. A: Your kindness really makes a difference. B: I appreciate your sincere words.,A: 오늘 네 도움이 정말 큰 힘이 됐어. B: 도울 수 있어서 기뻐. A: 네 친절이 정말 큰 변화를 만들었어. B: 네 진심 어린 말에 감사해.
"헤어질 때 사용하는 간단한 인사 표현을 배울 수 있어요.
You can use simple farewell greetings when parting ways.",___!,안녕히 가세요!,See ya!,Goodbye!,Hello!,Goodbye!,2,___! Take care!,잘 가! 몸조심해.,Later!,Catch you!,See you!,See you!,3,A: Bye bye! I really enjoyed our talk. B: Until next time! Stay well.,A: 바이 바이! 대화가 정말 즐거웠어. B: 다음에 또 봐! 건강 잘 챙겨.
"영어로 좋아하지 않는 것을 표현할 수 있어요.
I don't like ~를 사용하여 부정적인 취향을 나타낼 수 있어요.",I ___ like carrots.,나는 당근을 좋아하지 않아.,can’t,don't,do,don't,2,I ______ oranges.,난 오렌지를 싫어해.,like,dislike,adore,dislike,2,"A: I don't like broccoli. B: Really? I'm not fond of spinach. A: Yes, I prefer fruits.","A: 나는 브로콜리를 좋아하지 않아. B: 정말? 나는 시금치를 별로 좋아하지 않아. A: 맞아, 나는 과일을 더 선호해."
"간단한 감사를 표현할 수 있어요.
감사에 대한 답변을 이해하고 사용할 수 있어요.",_____ for the meal.,식사에 대해 감사합니다.,You're welcome.,Thank you.,No problem.,Thank you.,2,_____ No problem.,감사의 답변으로 'You're welcome. No problem.'를 사용할 수 있어요.,Thank you.,You're welcome.,Sorry.,You're welcome.,2,A: Thank you for the book. B: You're welcome. No problem. A: I really appreciate your kindness.,A: 책을 빌려줘서 고마워. B: 천만에요. 문제 없어요. A: 너의 친절에 정말 감사해.
"자신의 능력을 부인하는 표현을 사용할 수 있어요.
can’t를 활용해 자신의 능력을 부인하기.",A: I ___ play the guitar.,나는 기타를 칠 수 없어.,can,can't,don't,can't,2,A: I am ___ to play the guitar.,나는 기타를 칠 능력이 없어.,unable,able,capable,unable,1,A: I can't swim. B: Really? I didn't know that. A: I am unable to swim fast. B: Maybe you should try some swimming lessons.,A: 나는 수영을 못해. B: 정말? 몰랐어. A: 나는 빨리 수영할 수 없어. B: 수영 강습을 받아보는 건 어때?
"사과하는 표현을 사용할 수 있어요.
긍정적으로 반응하는 표현을 사용할 수 있어요.",A: _____.,A: 미안해.,Excuse me,I'm sorry,Thank you,I'm sorry,2,B: _____.,B: 괜찮아.,Excuse me,That's fine,I'm sorry,That's fine,2,"A: I'm sorry for the delay. B: It's all right, I understand. A: Sorry about the mix-up. B: No problem, all is well.","A: 지연되어서 미안해. B: 괜찮아, 이해해. A: 혼동해서 미안해. B: 문제 없어, 다 괜찮아."
"감사의 표현을 활용할 수 있어요.
이 표현을 사용하여 감사를 전하고 답할 수 있어요.",A: ___ a lot!,정말 고마워!,Thanked,Thanks,Thank,Thanks,2,A: ___ you very much!,정말 고맙습니다!,Thanks,Thanking,Thank,Thank,3,A: Thanks a lot! B: You're welcome! A: Your support means a lot to me!,A: 정말 고마워! B: 천만에요! A: 네 지원이 나에게 큰 힘이 되었어!
"상대방의 소개에 대해 적절하게 응답하는 방법을 배울 수 있어요.
Learn how to properly respond to someone's introduction.","A: ___ to meet you! B: Nice to meet you, too.",A: 만나서 반가워! B: 나도 만나서 반가워.,Good,Nice,Great,Nice,2,"A: It's a ___ to meet you! B: Likewise, nice to meet you.","A: 만나서 기쁩니다! B: 마찬가지로, 만나서 반갑습니다.",joy,pleasure,happiness,pleasure,2,"A: Nice to meet you! How are you today? B: Nice to meet you, too. A: I'm delighted to have the chance to speak with you. B: Yes, it's been a wonderful encounter.","A: 만나서 반가워요! 오늘 어때요? B: 만나서 반가워요. A: 이렇게 대화할 수 있어서 정말 기뻐요. B: 네, 정말 멋진 만남이었어요."
"상태 형용사를 활용하여 감정을 표현할 수 있어요.
감정을 표현하기 위해 상태 형용사를 사용할 수 있어요.",___ tired.,난 피곤해.,You're,I'm,They are,I'm,2,I'm ___.,난 행복해.,excited,happy,angry,happy,2,A: I'm tired after studying late. B: You should take a break. A: I'm happy because my exam went well. B: That's wonderful news.,A: 늦게까지 공부해서 피곤해. B: 잠깐 쉬는 게 어때? A: 시험이 잘 돼서 행복해. B: 정말 좋은 소식이야.
"상대방의 안부를 묻고 답할 수 있어요.
You can ask and answer about someone's well-being.",A: ____ are you? B: I'm good.,A: 어떻게 지내? B: 나는 좋아.,What,How,When,How,2,A: How do you feel? B: I feel ______.,A: 기분이 어때? B: 나는 기분이 훌륭해.,so-so,bad,wonderful,wonderful,3,A: How are you doing? B: I'm good. A: How do you feel today? B: I feel fantastic.,A: 어떻게 지내고 있어? B: 난 좋아. A: 오늘 기분이 어때? B: 나는 기분이 환상적이야.
"격려하는 표현을 사용하여 상대방에게 힘을 줄 수 있어요.
Learn how to encourage someone through supportive expressions.",You’ve ___ this!,너라면 할 수 있어!,will,got,have,got,2,Keep ___! Don’t give up!,계속해! 포기하지 마!,stopping,going,moving,going,2,"A: You’re amazing! I believe in you! B: Thank you, I will try my best. A: Keep pushing forward and don't lose hope. B: I appreciate your encouragement.","A: 너는 대단해! 나는 네가 할 수 있다고 믿어! B: 고마워, 최선을 다할게. A: 계속 앞으로 나아가고 희망을 잃지 마. B: 너의 격려에 감사해."
"물건을 건네줄 때 적절한 영어 표현을 사용할 수 있어요.
Use appropriate expressions when handing over items.",___ you go.,여기 있어요.,There,Here,Look,Here,2,Here's your ___. Take this.,여기 당신의 커피예요. 받아주세요.,tea,juice,coffee,coffee,3,A: Here you go. B: Thanks! A: Here's your sandwich. Enjoy! B: That looks delicious.,A: 여기 있어요. B: 고마워요! A: 여기 당신의 샌드위치예요. 맛있게 드세요! B: 정말 맛있어 보여요.
"상대방에게 사과하는 표현을 사용할 수 있어요.
사과에 대한 답변 표현을 사용할 수 있어요.",A: ___ really sorry. B: That’s okay.,A: 정말 미안해요. B: 괜찮아요.,We’re,I'm,He's,I'm,2,A: My ___ . B: Don’t worry about it.,A: 제 사과입니다. B: 신경 쓰지 마세요.,regrets,apologies,sorry,apologies,2,"A: I’m really sorry about the mess. B: That’s okay, it happens. A: My apologies for the delay. B: Don’t worry about it, take your time.","A: 엉망인 것에 대해 정말 미안해요. B: 괜찮아요, 다 있는 일이에요. A: 지연에 대해 제 사과를 받아주세요. B: 신경 쓰지 마세요, 천천히 하세요."
"자기소개하는 방법을 익힐 수 있어요.
Learn how to introduce oneself.",A: _____ Bella.,A: 나는 Bella야.,I do,I'm,I been,I'm,2,A: _____ (your name). A: I’m (your name). Nice to meet you!,A: 내 이름은 예시예요. A: 나는 예시예요. 만나서 반가워.,I have,My name is,I am,My name is,2,A: I’m Lucy. B: Hello Lucy! A: My name is Lucy. B: It's a pleasure meeting you.,"A: 나는 루시야. B: 안녕, 루시야! A: 내 이름은 루시야. B: 만나서 반가워."
"감사 표현을 배우고 사용할 수 있어요.
감사에 대한 적절한 답변을 할 수 있어요.",A: _____ a lot. B: No problem.,A: 정말 고마워요. B: 별말씀을요.,Thankful,Thanks,Thank,Thanks,2,A: I _____ it. B: Anytime.,A: 나는 그것에 감사해. B: 언제든지.,accept,appreciate,ignore,appreciate,2,"A: Many thanks for your assistance. B: You’re welcome! A: I truly appreciate your support. B: Anytime, happy to help.","A: 도움을 줘서 정말 고마워요. B: 천만에요! A: 당신의 지원에 진심으로 감사해요. B: 언제든지, 기꺼이 도와드릴게요."
"잘못된 정보를 수정하는 방법을 배울 수 있어요.
No, it isn’t. 와 That’s not right. 같은 표현을 사용할 수 있어요.","___, it isn’t.","아니, 그렇지 않아.",Yes,No,Maybe,No,2,That’s not _____.,그것은 옳지 않아.,left,right,good,right,2,"A: No, it isn’t. I think there was a mistake. B: Oh, really? That’s not right. Let’s review the details again.","A: 아니, 그렇지 않아. 실수가 있었던 것 같아. B: 오, 정말? 그건 옳지 않아. 다시 한 번 자세히 살펴보자."
"헤어질 때 'Goodbye'를 사용하여 인사하는 표현을 익힐 수 있어요.
헤어질 때 인사할 때 적절한 표현을 사용할 수 있어요.",___ you later.,나중에 봐.,Look,See,Watch,See,2,___ for now. Take care.,당분간 안녕. 잘 지내.,Hello,Goodbye,Farewell,Goodbye,2,"A: See you later, buddy. B: Goodbye for now, stay safe!","A: 나중에 봐, 친구. B: 당분간 안녕, 안전하게 지내!"
"헤어질 때 적절한 인사 표현을 활용할 수 있어요.
작별 인사 시 올바른 인사 표현을 사용할 수 있어요.",______.,안녕.,Hello,Goodbye,Welcome,Goodbye,2,_____ you later.,나중에 봐.,Hear,See,Meet,See,2,A: Goodbye! B: Take care! A: See you later!,A: 안녕! B: 잘 지내! A: 나중에 보자!
"자신감을 북돋아주는 간단한 격려 표현을 이해하고 사용할 수 있어요.
Understand and use a simple encouraging phrase to boost confidence.",I ______ in you.,나는 너를 믿어.,hope,believe,think,believe,2,Keep ______! You're doing great!,계속해! 너는 잘하고 있어!,waiting,running,going,going,3,A: I believe in you. B: Your words really boost my confidence. A: Keep pushing! You're doing awesome! B: I appreciate your support and will keep trying.,A: 나는 너를 믿어. B: 네 말이 나에게 큰 자신감을 줘. A: 계속 밀어봐! 너는 정말 잘하고 있어! B: 네 응원에 감사하며 계속 노력할게.
"사과하고 이에 응답하는 방법을 배울 수 있어요.
Learn to apologize and respond appropriately with 'I'm sorry.'",A: I’m really ____.,A: 정말 미안해.,regret,sorry,grateful,sorry,2,A: My ____.,A: 내 사과합니다.,thanks,apologies,regrets,apologies,2,A: I'm so sorry. B: It's alright. A: Please accept my apologies. B: No problem.,A: 정말 미안해. B: 괜찮아. A: 내 사과를 받아줘. B: 문제없어.
