,제목,출판사,교육과정,Lesson,Title,DESCRIPTION,KEY_EXPRESSION,KEY_EXPRESSION_KOR,SUB_EXPRESSION
0,영어,능률(김),2015,1,The Part You Play,be going to ()를 활용해 의도 표현하기. ,I’m going to write a letter to explain my concerns clearly. ,,I plan to () in order to express my intentions. I’m intending to () to achieve my goal. 
1,영어,능률(김),2015,2,The Power of Creativity,부사 maybe를 활용해서 가능성의 정도를 표현하기 ,Maybe this event will occur as planned. ,,Perhaps () will work out in the expected way. It’s possible that () might happen. 
2,영어,능률(김),2015,3,Sound Life,why don’t you ()를 활용해 제안하기 ,Why don’t you consider taking a short break? ,,Why don’t you try doing ()? Have you thought about trying ()? 
3,영어,능률(김),2015,4,Toward a Better World,wish 문법을 활용해 바람 표현하기. ,I wish I could spend more time with my family. ,,I hope to () for a better experience. I would love to () in the future. 
4,영어,능률(김),2015,5,What Matters Most,비인칭 주어 'It'을 활용해 강조 표현하기 ,It is crucial to maintain your health during winter. ,,It is essential to focus on () at all times. It is significant to understand the importance of (). 
5,영어,능률(김),2015,6,Beyond the Limits,완화된 의문문 구조를 활용해 정보 존재 여부 묻기 ,Did you get any updates about the exciting event happening soon? ,,Have you come across the news about ()? Are you aware of the details regarding ()? 
6,영어,능률(김),2015,7,Finding Out the Wonders,의문문을 활용해 설명 요청하기 ,Could you clarify what you mean by saying this? ,,Can you explain () to me? Would you elaborate on ()? 
7,영어,능률(김),2015,8,It’s Up to You!,요청 표현 'Let me ()'를 활용하여 요청에 대한 의견을 표현하기. ,Let me take some time to consider. ,,Could you wait for a moment while I ()? Allow me to () before deciding 
8,영어,능률(양),2015,1,Where Should I Begin?,I'm planning to ()을 활용해 계획이나 의도를 표현하기. ,I'm planning to take yoga classes. ,,I intend to () in the near future. My plan involves () during my free time. 
9,영어,능률(양),2015,2,"Be Smart, Be Healthy",문장 순서를 나타내는 표현을 사용하여 열거 및 절차 설명하기 ,"First, wash your hands, then dry them with a clean towel, and finally prepare the ingredients. ",,"Begin with (), follow that with (), and complete it by (). Start by (), then proceed with (), and end with (). "
10,영어,능률(양),2015,3,"Take Action, Make a Difference",I'm sorry to hear that 와 같은 표현으로 유감이나 동정 표현하기 ,I appreciate your understanding of my situation. ,,I'm saddened to hear about (). I feel sorry for (). 
11,영어,능률(양),2015,4,"Some Like It Cold, Some Like It Hot",Would you like ()?를 활용해 음식이나 음료를 권하기 ,Would you like a cup of coffee? ,,Would you like to try ()? May I offer you ()? 
12,영어,능률(양),2015,5,We Are What We Do,다양한 표현으로 걱정 표현하기 ,I'm concerned about the climate change impacts. ,,I'm uneasy about (). I feel apprehensive regarding (). 
13,영어,능률(양),2015,6,When Myths Meet Science,의문문을 활용해 의견 묻기 ,What are your thoughts on the movie? ,,What is your opinion about ()? How do you feel regarding ()? 
14,영어,능률(양),2015,7,Venice Diary,다양한 표현으로 희망 및 기대 나타내기 ,I’m thrilled about attending the concert tonight. ,,I can’t wait to ()! I'm eagerly anticipating (). 
15,영어,능률(양),2015,8,The Solution Is in Nature,감탄사를 사용하여 관심 표현하기 ,"Wow, that's fascinating! ",,How amazing! What a remarkable thing to ()! 
16,영어1,능률(김),2015,1,A Spark in You,부정 명령문으로 위로하기 ,Don't lose hope. ,,Don't feel down. Don't let it get to you. 
17,영어1,능률(김),2015,2,Embracing Our Differences,In my opinion로 시작하여 의견을 표명하는 문장을 형성하기. ,"In my opinion, it's important to exercise regularly. ",,"In my opinion, () is essential. In my opinion, we should () more often. "
18,영어1,능률(김),2015,3,We Are All Connected,다양한 표현으로 동의 뜻 전달하기 ,That's a point I completely concur with. ,,That's something I completely agree with. I fully support that viewpoint. 
19,영어1,능률(김),2015,4,Build a Better World,Why don't we ()을 사용하여 제안을 전달하기 ,"""Why don't we try that new café this weekend?"" ",,"""Why don't we go to ()?"" ""Why don't we explore ()?"" "
20,영어1,능률(김),2015,5,"Look, Think, and Create!",의문문을 사용하여 도움이나 조언 요청하기 ,Could you provide me with some guidance? ,,Would you be able to offer ()? Can you assist with ()? 
21,영어 2,능률(김),2015,1,Treasure in My Life,다양한 표현으로 기억이나 망각 표현하기 ,I'll always cherish our last family trip. ,,I'm unable to recall (). Do you still remember ()? 
22,영어 2,능률(김),2015,2,In Someone Else’s Shoes,가정법을 활용해 충고·조언 표현하기 ,"If I were you, I’d seek advice from someone I trust. ",,I’d recommend that you (). It might be a good idea to (). 
23,영어 2,능률(김),2015,3,Be a Critical Thinker,'You'd better not ()'를 활용해 특정 행동을 금지하기. ,You’d better not spend too much time watching TV late at night. ,,You’d better not overdo () in the evening. You should refrain from () as it might be harmful. 
24,영어 2,능률(김),2015,4,Find and Do What You Love,be interested in ()를 활용해 관심 표현하기 ,I’m interested in modern art. ,,I'm fascinated by (). I find () captivating. 
25,영어 2,능률(김),2015,5,Technology: An Engine for Change,부사와 명사를 사용해 확실성 정도 표현하기 ,I believe wholeheartedly that consistent practice leads to improvement. ,,I strongly believe this is due to (). I have absolute certainty regarding (). 
26,공통영어 1,YBM(김),2022,1,Believe That You Can Do Better,should를 활용해 조언하기. ,A: I feel really tired these days. B: You should get more sleep. ,A: 요즘 너무 피곤해. B: 너는 잠을 더 자야 해. ,A: I'm not sure what to do about my homework. B: You should (). A: I want to get better at English. B: You should () every day. 
27,공통영어 1,YBM(김),2022,2,Art and the City,How about ()? 를 활용해 제안하기. ,A: I'm bored. What should we do? B: How about going to the park? ,A: 심심해. 뭐 할까? B: 공원에 가는 게 어때? ,A: I don't know what to eat for lunch. B: How about ()? A: I want to do something fun this weekend. B: How about ()? 
28,공통영어 1,YBM(김),2022,3,Living Green: A Guide to Sustainable Choices,I’d like to emphasize that ()를 활용해 강조하기. ,"A: I’d like to emphasize that teamwork is very important. B: Yes, working together makes everything easier. ","A: 나는 팀워크가 매우 중요하다는 것을 강조하고 싶어. B: 맞아, 함께 일하면 모든 것이 더 쉬워져. ",A: I’d like to emphasize that () is very important. B: I totally agree. A: I’d like to emphasize that we need to (). B: That’s a good point. 
29,공통영어 1,YBM(김),2022,4,Be Smart in the Digital World,"Compared to (), ()를 활용해 비교하기. ","A: Compared to last year, this winter is much colder. B: Yes, I think so too. ","A: 작년과 비교하면 이번 겨울은 훨씬 추워. B: 응, 나도 그렇게 생각해. ","A: Compared to (), () is better. B: I see what you mean. A: Compared to (), () is more expensive. B: That’s true. "
30,공통영어 2,YBM(김),2022,1,Make Your World a Better Place,I’m planning to ()를 활용해 계획 말하기. ,A: What are you doing this summer? B: I’m planning to visit my grandparents. ,"A: 이번 여름에 뭐 할 거야? B: 나는 할아버지, 할머니를 뵈러 갈 계획이야. ",A: I’m planning to () next weekend. B: That sounds great! A: I’m planning to () with my friends. B: Have fun! 
31,공통영어 2,YBM(김),2022,2,From Tradition to Trend,The reason is that ()를 활용해 이유 말하기. ,A: Why did you choose this book? B: The reason is that it’s very interesting. ,A: 왜 이 책을 골랐어? B: 이유는 이 책이 정말 재미있기 때문이야. ,A: The reason is that I like (). B: That makes sense. A: The reason is that it helps me (). B: That’s a good reason. 
32,공통영어 2,YBM(김),2022,3,Beyond Barriers,I was inspired by ()를 활용해 영감 표현하기. ,A: Why did you start painting? B: I was inspired by my art teacher. ,A: 왜 그림을 그리기 시작했어? B: 나는 미술 선생님께 영감을 받았어. ,A: I was inspired by () to (). B: That’s amazing! A: I was inspired by () and decided to (). B: That’s a great story. 
33,공통영어 2,YBM(김),2022,4,The Essence of Being Human,"In my opinion, ()를 활용해 의견 말하기. ","A: Do you like this movie? B: In my opinion, it’s the best movie ever! ",A: 이 영화 좋아해? B: 내 생각에는 이게 최고의 영화야! ,"A: In my opinion, () is better. B: I respect your opinion. A: In my opinion, we should (). B: That’s an interesting idea. "
34,공통영어 1,YBM(박),2022,1,Enrich Your Life,다양한 표현을 활용해 자신이 좋아하는 것에 대해 말하기. ,A: What do you like to do in your free time? B: I enjoy singing. ,A: 너는 자유 시간에 뭐 하는 걸 좋아해? B: 나는 노래 부르는 걸 즐겨. ,A: I like (). B: That sounds fun! A: I'm into (). B: That’s great! 
35,공통영어 1,YBM(박),2022,2,Explore Wildlife Wonders,What do you think about ()?를 활용해 다른 사람의 의견을 묻기. ,A: What do you think about this diversity of languages? B: I think it’s amazing! ,A: 다양한 언어에 대해 어떻게 생각해? B: 나는 정말 멋지다고 생각해! ,A: What do you think about ()? B: I think it’s great. A: What do you think about ()? B: I have never thought about it before. 
36,공통영어 1,YBM(박),2022,3,"Embrace Diversity, Broaden Your Horizons",다양한 표현을 활용해 궁금한 점이나 알고 싶은 것을 말하기. ,A: Do you have any questions? B: I’m curious about how animals produce sounds. ,A: 궁금한 거 있어? B: 나는 동물들이 어떻게 소리를 내는지 궁금해. ,A: I wonder how (). B: That’s a good question! A: I want to know more about (). B: Me too! 
37,공통영어 1,YBM(박),2022,4,When Art Meets Technology,What do you mean by ()?를 활용해 어떤 표현이나 개념에 대해 설명을 요청하기. ,A: AI-generated music is getting popular. B: What do you mean by AI-generated music? ,A: AI가 만든 음악이 점점 인기 있어지고 있어. B: AI가 만든 음악이 무슨 뜻이야? ,A: What do you mean by ()? B: I mean it’s (). A: What do you mean by ()? B: It means (). 
38,공통영어 2,YBM(박),2022,1,Be Digitally Smart!,Could I ask you to ()?를 활용해 도움을 요청하기. ,A: Could I ask you to help me control how much time I spend on my phone? B: Sure! I can set a reminder for you. ,A: 내가 휴대폰 사용하는 시간을 조절하는 걸 도와줄 수 있어? B: 물론이지! 내가 알람을 설정해 줄게. ,A: Could I ask you to ()? B: Sure! I'd be happy to help. A: Could you help me ()? B: Of course! 
39,공통영어 2,YBM(박),2022,2,Urgent Call From Earth,I’d like to emphasize that ()를 활용해 강조하고 싶은 내용을 표현하기. ,A: I’d like to emphasize that health and safety should always be a top priority. B: I completely agree. ,A: 나는 건강과 안전이 항상 최우선이어야 한다는 것을 강조하고 싶어. B: 나도 완전히 동의해. ,A: I’d like to emphasize that () is very important. B: That’s true. A: I’d like to emphasize that we should (). B: I totally agree. 
40,공통영어 2,YBM(박),2022,3,Rise Above Challenges,What are you concerned about?를 활용해 다른 사람의 걱정이나 상태를 묻기. ,A: What are you concerned about? B: I’m worried about my test tomorrow. ,A: 너는 무엇이 걱정돼? B: 나는 내일 시험이 걱정돼. ,A: What are you worried about? B: I’m worried about (). A: Are you feeling okay? B: I feel (). 
41,공통영어 2,YBM(박),2022,4,Creative Ideas for a Better World,It’s likely that ()를 활용해 어떤 일이 일어날 가능성을 표현하기. ,A: Will small inventions really change our lives? B: It’s likely that small inventions can make our lives safer. ,A: 작은 발명품들이 정말 우리의 삶을 바꿀 수 있을까? B: 작은 발명품들이 우리의 삶을 더 안전하게 만들 가능성이 높아. ,A: It’s likely that () will happen. B: That makes sense. A: There’s a chance that (). B: I think so too. 
42,영어,YBM(박),2015,1,Dream It and Achieve It,be interested in ()를 활용해 관심을 표현하기. ,A: What do you do in your free time? B: I’m interested in dancing. ,A: 너는 자유 시간에 뭐 해? B: 나는 춤추는 것에 관심이 있어. ,"A: Are you interested in ()? B: Yes, I enjoy it a lot! A: I’m interested in () because it’s fun. B: That sounds great! "
43,영어,YBM(박),2015,2,Color Your Language,What do you mean by ()?를 활용해 설명을 요청하기. ,A: I think this book is deep. B: What do you mean by that? ,A: 나는 이 책이 깊이가 있다고 생각해. B: 그게 무슨 뜻이야? ,"A: What do you mean by ()? B: I mean (). A: Can you explain what you mean by ()? B: Sure, I was saying that (). "
44,영어,YBM(박),2015,3,Enjoy the Tasty World,Would you like to ()?를 활용해 음식을 권하기. ,A: This cake is delicious! B: Would you like to try some? ,A: 이 케이크 맛있어! B: 좀 먹어볼래? ,"A: Would you like to taste ()? B: Sure, I’d love to! A: Do you want to try ()? B: Yes, please! "
45,영어,YBM(박),2015,4,Preparing for Weather,It says ()를 활용해 정보를 보고하기. ,A: Should we bring an umbrella? B: It says we can expect heavy rain today. ,A: 우산 가져가야 할까? B: 오늘 폭우가 올 거라고 해. ,A: It says () on the news. B: That’s useful information! A: The report says (). B: I’ll keep that in mind. 
46,영어,YBM(박),2015,5,The Joy of Appreciating Art,be looking forward to ()를 활용해 기대를 표현하기. ,A: The concert is next weekend! B: I’ll be looking forward to seeing it. ,A: 콘서트가 다음 주말이야! B: 나는 그걸 보는 게 기대돼. ,"A: I’m looking forward to (). B: Me too! A: Are you looking forward to ()? B: Yes, I can’t wait! "
47,영어,YBM(박),2015,6,Traveling for Volunteer Work,be thinking of ()를 활용해 의도를 표현하기. ,A: What are your plans for summer vacation? B: I’m thinking of volunteering to do educational work. ,A: 여름 방학에 무슨 계획 있어? B: 나는 교육 봉사를 할까 생각 중이야. ,"A: I’m thinking of () next month. B: That sounds great! A: Are you thinking of ()? B: Yes, I might do that. "
48,영어,YBM(박),2015,7,Bringing Creativity into Our Lives,be not satisfied with ()를 활용해 불만족을 표현하기. ,A: How do you feel about these shoes? B: I’m not satisfied with them. ,A: 이 신발들 어때? B: 나는 만족스럽지 않아. ,A: I’m not happy with (). B: Me neither. A: I don’t like (). B: I feel the same way. 
49,영어,YBM(박),2015,8,"Green Life, Green Earth",be worried that ()를 활용해 걱정을 표현하기. ,A: I think we use too much electricity. B: I’m worried that we waste electricity at home. ,A: 우리 전기를 너무 많이 쓰는 것 같아. B: 나는 우리가 집에서 전기를 낭비하는 게 걱정돼. ,A: I’m worried that (). B: Me too. A: I feel anxious about (). B: I understand. 
50,영어,YBM(박),2015,9,What Makes Sports More Exciting,Do you know ()?를 활용해 알고 있는지 묻기. ,"A: Do you know what the most popular sport in India is? B: Yes, it’s cricket! ","A: 인도에서 가장 인기 있는 스포츠가 뭔지 알아? B: 응, 크리켓이야! ","A: Do you know about ()? B: No, tell me! A: Have you heard of ()? B: Yes, I have! "
51,영어,YBM(박),2015,10,Feel What Others Feel,다양한 표현을 활용해 유감을 표현하기. ,A: My pet is sick. B: I’m sorry to hear that. ,"A: 내 반려동물이 아파. B: 안됐다, 걱정되겠다. ","A: That’s too bad. B: Yeah, I feel really sad. A: I feel sorry about (). B: Thanks, I appreciate it. "
52,영어,YBM(한),2015,1,"A Fresh New
 Start",be looking forward to ()를 활용해 희망이나 기대를 표현하기. ,A: Are you excited about next week? B: I’m looking forward to the sports day. ,A: 다음 주 기대돼? B: 나는 운동회가 기대돼. ,"A: I’m looking forward to (). B: Me too! A: Are you looking forward to ()? B: Yes, I can’t wait! "
53,영어,YBM(한),2015,2,"Working
 Together",Do you think (that) ()?를 활용해 가능성을 표현하기. ,"A: Do you think animals can predict an earthquake? B: I’m not sure, but some people believe so. ","A: 동물들이 지진을 예측할 수 있다고 생각해? B: 잘 모르겠지만, 몇몇 사람들은 그렇게 믿어. ",A: Do you think (that) () will happen? B: Maybe. A: Is it possible that ()? B: I think so. 
54,영어,YBM(한),2015,3,"Eat Right,
 Be Healthy",prefer A to B를 활용해 선호를 표현하기. ,A: Do you like soda? B: I prefer water to soda. ,A: 너는 탄산음료 좋아해? B: 나는 탄산음료보다 물을 더 좋아해. ,A: I prefer () to (). B: That’s a healthy choice! A: I’d rather () than (). B: I understand why. 
55,영어,YBM(한),2015,4,"Invention for
 the Rainforests",I wonder ()를 활용해 궁금증을 표현하기. ,A: What can I make with this? B: I wonder what I can make with it. ,A: 이걸로 뭘 만들 수 있을까? B: 나는 이걸로 뭘 만들 수 있을지 궁금해. ,A: I wonder how (). B: That’s interesting! A: I want to know more about (). B: Me too! 
56,영어,YBM(한),2015,5,"How to Win
 Over Someone's
 Mind",It’s important to ()를 활용해 강조하기. ,A: You look tired these days. B: It’s important not to be stressed out. ,A: 요즘 피곤해 보여. B: 스트레스받지 않는 게 중요해. ,A: It’s important to (). B: I totally agree. A: We should remember that (). B: That’s true. 
57,영어,YBM(한),2015,6,"The Most
 Efficient Job in
 the World",Have you heard about ()?를 활용해 알고 있는지 묻기. ,"A: Have you heard about the honey hunters in Nepal? B: No, what is it about? ","A: 네팔의 꿀 사냥꾼들에 대해 들어본 적 있어? B: 아니, 그게 뭐야? ","A: Have you heard about ()? B: Yes, I have! A: Do you know anything about ()? B: No, tell me more! "
58,영어,YBM(한),2015,7,"Amazing
 Architecture",What comes to mind when you think of ()?를 활용해 떠오르는 것 묻기. ,A: What comes to mind when you think of New York City? B: I think of the Statue of Liberty. ,A: 뉴욕 하면 뭐가 떠올라? B: 자유의 여신상이 떠올라. ,A: What do you think of when you hear ()? B: I imagine (). A: What first comes to mind when you think of ()? B: Probably (). 
59,영어,YBM(한),2015,8," Living with
 Robots",다양한 표현을 활용해 놀람을 표현하기. ,A: They finished the project in one day! B: I can’t believe it. ,A: 그들이 하루 만에 프로젝트를 끝냈어! B: 믿을 수가 없어. ,"A: That’s unbelievable! B: I know, right? A: No way! B: It’s true! "
60,영어Ⅰ,YBM(박),2015,1,"Healthy Living, Happy Life",should ()를 활용해 충고하기. ,A: I don’t feel like doing my homework. B: You should do your homework. ,A: 숙제하고 싶은 기분이 아니야. B: 너는 숙제를 해야 해. ,A: You should () to improve. B: That’s true. A: You’d better (). B: I’ll think about it. 
61,영어Ⅰ,YBM(박),2015,2,Origins of Everyday Things,I wonder ()를 활용해 궁금증을 표현하기. ,A: Chess is a very old game. B: I wonder where chess was first played. ,A: 체스는 아주 오래된 게임이야. B: 나는 체스가 처음 어디서 시작되었는지 궁금해. ,A: I wonder why (). B: That’s a good question. A: I’d like to know more about (). B: Let’s look it up! 
62,영어Ⅰ,YBM(박),2015,3,Advertising in Your Life,Don’t you agree?를 활용해 동의 여부 묻기. ,A: This place is so beautiful. B: Don’t you agree? ,A: 이곳 정말 아름답지 않아? B: 너도 그렇게 생각하지 않아? ,"A: Don’t you think ()? B: Yes, I do. A: Would you agree that ()? B: Absolutely. "
63,영어Ⅰ,YBM(박),2015,4,Becoming Active as Consumers and Sellers,I heard that ()를 활용해 알고 있는 정보를 표현하기. ,A: Have you heard about online shopping trends? B: I heard that group buying is popular nowadays. ,A: 온라인 쇼핑 트렌드에 대해 들어봤어? B: 나는 요즘 공동구매가 인기라고 들었어. ,A: I heard that (). B: That’s interesting. A: I read that (). B: Really? That’s cool. 
64,영어Ⅰ,YBM(박),2015,5,Cultures Around the World,Do you have an interest in ()?를 활용해 관심 여부 묻기. ,"A: Do you have an interest in traditional Korean culture? B: Yes, I love learning about it. ","A: 너는 전통 한국 문화에 관심이 있어? B: 응, 배우는 걸 좋아해. ","A: Are you interested in ()? B: Yes, I am! A: Do you like learning about ()? B: A little bit. "
65,영어Ⅰ,YBM(박),2015,6,The Future of Space Exploration,Is it likely that ()?를 활용해 가능성을 묻기. ,A: Will we ever see Earth from another planet? B: Is it likely that we can look at Earth from there? ,A: 우리가 다른 행성에서 지구를 볼 수 있을까? B: 우리가 거기서 지구를 볼 가능성이 있을까? ,A: Do you think it’s likely that ()? B: Maybe. A: What are the chances that ()? B: Hard to say. 
66,영어Ⅰ,YBM(한),2015,1,Learn from Failures,I’m afraid that ()를 활용해 걱정이나 두려움을 표현하기. ,A: Are you ready for the test? B: I’m afraid that I might make mistakes. ,A: 시험 볼 준비됐어? B: 나는 실수할까 봐 걱정돼. ,A: I’m afraid that (). B: Don’t worry too much. A: I’m nervous about (). B: You’ll be fine. 
67,영어Ⅰ,YBM(한),2015,2, Technology and Life,What do you mean by ()?를 활용해 설명을 요청하기. ,A: I think this idea is too vague. B: What do you mean by that? ,A: 나는 이 아이디어가 너무 모호하다고 생각해. B: 그게 무슨 뜻이야? ,"A: What do you mean by ()? B: I mean (). A: Can you explain what you mean by ()? B: Sure, I meant (). "
68,영어Ⅰ,YBM(한),2015,3, Extend Your View of Art,What do you think about ()?를 활용해 의견을 묻기. ,A: This book became a bestseller. B: What do you think about it? ,A: 이 책이 베스트셀러가 됐어. B: 너는 그거에 대해 어떻게 생각해? ,A: What’s your opinion on ()? B: I think it’s great. A: How do you feel about ()? B: I’m not sure. 
69,영어Ⅰ,YBM(한),2015,4,A Trip for Cultural Diversity,Which would you rather ()?를 활용해 선택을 묻기. ,A: We have two options for our trip. B: Which would you rather do? Visit a market or visit a temple? ,"A: 우리 여행에 두 가지 선택지가 있어. B: 시장에 가고 싶어, 아니면 사원을 방문하고 싶어? ","A: Would you rather () or ()? B: I’d rather (). A: Which do you prefer, () or ()? B: I prefer (). "
70,영어Ⅰ,YBM(한),2015,5,The Small but Great Potato,What makes you think so?를 활용해 의견의 이유를 묻기. ,A: I believe this book is very inspiring. B: What makes you think so? ,A: 나는 이 책이 매우 영감을 준다고 생각해. B: 왜 그렇게 생각해? ,A: What makes you say that? B: I (). A: Why do you think ()? B: Because (). 
71,영어Ⅰ,YBM(한),2015,6, Nature and Environment,I hope ()를 활용해 희망이나 바람을 표현하기. ,A: I’m going to visit Bridal Cave this weekend. B: I hope you will enjoy your visit to Bridal Cave. ,A: 이번 주말에 브라이들 동굴을 방문할 거야. B: 네가 즐거운 방문이 되길 바라. ,A: I hope () goes well. B: Thank you! A: I wish you (). B: That’s so kind of you. 
72,영어Ⅱ,YBM(박),2015,1,Treasure out of Trash,모르는 것을 말할 때 사용하는 표현. ,A: Do you know how to reuse this material? B: I don’t know how to reuse it. ,A: 이 재료를 어떻게 재사용하는지 알아? B: 나는 어떻게 재사용하는지 몰라. ,A: I’m not sure how to (). B: Let’s find out together. A: I have no idea how to (). B: Maybe we can look it up. 
73,영어Ⅱ,YBM(박),2015,2,We Are Stronger Together,상대방에게 힘을 주거나 용기를 북돋아 줄 때 사용하는 표현. ,A: This task is so difficult! B: Don’t give up! ,A: 이 작업 너무 어려워! B: 포기하지 마! ,A: Keep trying! B: I’ll do my best. A: You can do it! B: Thanks for the encouragement. 
74,영어Ⅱ,YBM(박),2015,3,Fun Science about the Human Body,다양한 표현을 활용해 동의를 나타내기. ,A: This place is really crowded. B: You can say that again! ,A: 이곳 진짜 붐비네. B: 그러게 말이야! ,A: I totally agree! B: Exactly! A: That’s so true! B: I couldn’t agree more. 
75,영어Ⅱ,YBM(박),2015,4,Equality for All,다양한 표현을 활용해 반대 의견을 나타내기. ,A: Do you support this policy? B: I’m against any form of discrimination. ,A: 너는 이 정책을 지지해? B: 나는 어떤 형태의 차별도 반대해. ,"A: I don’t agree with (). B: I see your point, but I disagree. A: I strongly oppose (). B: That makes sense, but I have a different opinion. "
76,영어Ⅱ,YBM(박),2015,5,Sharing the Planet with Every Creature,다양한 표현을 활용해 어떤 사실에 대한 확신의 정도를 나타내기. ,A: Why do you think pollution is a big problem? B: I am sure that pollution is one of the major causes. ,A: 왜 환경오염이 큰 문제라고 생각해? B: 나는 오염이 주요 원인 중 하나라고 확신해. ,A: I’m certain that (). B: That sounds reasonable. A: I strongly believe that (). B: I agree. 
77,영어Ⅱ,YBM(박),2015,6,Humans and Technology,상대방이 걱정하거나 두려워하는 것이 있는지 물을 때 사용하는 표현. ,"A: Are you concerned about security? B: Yes, I think we need better protection. ","A: 너 보안에 대해 걱정돼? B: 응, 우리는 더 나은 보호가 필요하다고 생각해. ","A: Do you worry about ()? B: A little bit. A: Are you afraid of ()? B: Sometimes, yes. "
78,영어Ⅱ,YBM(한),2015,1,"Microbes and
 Health",Do you know how to ()?를 활용해 방법을 물어보기. ,"A: Do you know how to avoid catching the flu? B: Yes, washing your hands frequently can help. ","A: 독감을 피하는 방법을 알고 있어? B: 응, 손을 자주 씻으면 도움이 될 거야. ","A: Can you tell me how to ()? B: Sure, here’s what you can do. A: What’s the best way to ()? B: You can try (). "
79,영어Ⅱ,YBM(한),2015,2,"Lesson 2
 Money
 Matters",다양한 표현을 활용해 상대방에게 장담하거나 보장하기. ,A: I don’t know if my dad will like this gift. B: I guarantee that your dad will like it. ,A: 우리 아빠가 이 선물을 좋아하실지 모르겠어. B: 장담하는데 아빠가 좋아하실 거야. ,A: I promise that (). B: That’s reassuring! A: You can be sure that (). B: I hope so. 
80,영어Ⅱ,YBM(한),2015,3,"Lesson 3 
 Gift and
 Achievement",다양한 표현을 활용해 정중하게 의견을 전달하기. ,A: I always do things this way. B: It seems you have a fixed mindset. ,A: 나는 항상 이렇게 해. B: 네 사고방식이 고정된 것 같아. ,"A: From my perspective, (). B: That’s interesting. A: I tend to think that (). B: That’s a good point. "
81,영어Ⅱ,YBM(한),2015,4,"Lesson 4
 Look into
 Your Mind",다양한 표현을 활용해 특정한 행동이나 습관을 나타내기. ,A: Why do I always feel nervous before a test? B: You tend to avoid difficult situations. ,A: 왜 나는 시험 전에 항상 긴장될까? B: 너는 어려운 상황을 피하는 경향이 있어. ,A: You often (). B: That makes sense. A: You have a habit of (). B: I guess you’re right. 
82,영어Ⅱ,YBM(한),2015,5,"Lesson 5
 Exploring
 the Universe","To give you an example, ()를 활용해 예시를 들어 설명하기. ","A: How do astronauts breathe in space? B: To give you an example, spacesuits supply astronauts with oxygen. ","A: 우주비행사들은 우주에서 어떻게 숨을 쉬어? B: 예를 들면, 우주복이 산소를 공급해 줘. ","A: For instance, (). B: Oh, I see! A: One example is (). B: That makes sense. "
83,영어Ⅱ,YBM(한),2015,6,"Lesson 6
 Culture and
 Heritage",Would you like to ()?를 활용해 상대방에게 활동을 함께 하자고 제안하기. ,A: I’m going to visit the art exibition tomorrow. B: Would you like to go with me? ,A: 나 내일 미술 전시회에 갈 거야. B: 같이 갈래? ,A: Do you want to join me for ()? B: That sounds fun! A: How about () together? B: I’d love to! 
84,영어,비상,2015,1,Envision,I enjoy ()를 활용해 좋아하는 것을 표현하기. ,A: What do you like to do in your free time? B: I enjoy walking up the mountain trails. ,A: 자유 시간에 뭐 하는 걸 좋아해? B: 나는 산길을 걷는 것을 좋아해. ,A: I love (). B: That sounds fun! A: I’m really into (). B: That’s great! 
85,영어,비상,2015,2,Express,What do you think of ()?를 활용해 의견을 묻기. ,A: What do you think of his style? B: I think it’s unique. ,A: 그의 스타일을 어떻게 생각해? B: 나는 그게 독특하다고 생각해. ,A: How do you feel about ()? B: It looks great. A: What’s your opinion on ()? B: I think it’s interesting. 
86,영어,비상,2015,3,Contribute,Have you heard about ()?를 활용해 알고 있는지 묻기. ,"A: Have you heard about “My Tree, Our Forest”? B: No, what is it about? ","A: “내 나무, 우리 숲”에 대해 들어본 적 있어? B: 아니, 그게 뭐야? ","A: Do you know anything about ()? B: No, tell me! A: Have you heard of ()? B: Yes, I have! "
87,영어,비상,2015,4,Explore,I’m looking forward to ()를 활용해 희망이나 기대를 표현하기. ,A: When are you going to Tokyo? B: I’m looking forward to my first visit to Tokyo. ,A: 언제 도쿄에 가? B: 나는 도쿄를 처음 방문하는 게 기대돼. ,A: I can’t wait to (). B: That sounds exciting! A: I’m excited about (). B: Me too! 
88,영어,비상,2015,5,Collaborate,You’re not allowed to ()를 활용해 허용되지 않는 것을 표현하기. ,A: Can we play music late at night? B: You’re not allowed to play loud music after 10 at night. ,A: 밤늦게 음악 틀어도 돼? B: 밤 10시 이후에는 큰 소리로 음악을 틀면 안 돼. ,"A: You can’t (). B: Oh, I didn’t know that. A: It’s against the rules to (). B: Thanks for letting me know. "
89,영어,비상,2015,6,Decide,How do you like ()?를 활용해 만족도를 묻기. ,A: How do you like the headphones? B: They sound great! ,A: 그 헤드폰 어때? B: 소리가 좋아! ,"A: Are you happy with ()? B: Yes, I love it. A: Do you like ()? B: It’s okay, but I expected more. "
90,영어,비상,2015,7,Observe,Could you explain ()?를 활용해 설명을 요청하기. ,A: This technique improves memory. B: Could you explain how that helps? ,A: 이 기술이 기억력을 향상시켜. B: 그게 어떻게 도움이 되는지 설명해 줄 수 있어? ,A: Can you tell me more about ()? B: Sure! A: What do you mean by ()? B: Here’s an example. 
91,영어,비상,2015,8,Appreciate,I’m delighted to ()를 활용해 기쁨을 표현하기. ,A: I really enjoyed the gift you gave me. B: I’m delighted to hear that you liked it. ,A: 네가 준 선물이 정말 마음에 들었어. B: 네가 좋아했다니 기뻐. ,A: I’m happy to (). B: That’s wonderful to hear. A: I’m glad that (). B: That makes me so happy! 
92,영어Ⅰ,비상,2015,1,A Road to Happiness,What would you do if you were me?를 활용해 충고를 요청하기. ,A: I don’t know how to handle this situation. B: What would you do if you were me? ,A: 이 상황을 어떻게 해야 할지 모르겠어. B: 네가 나라면 어떻게 할 거야? ,"A: What do you think I should do? B: I’d suggest (). A: If you were in my shoes, what would you do? B: I would try (). "
93,영어Ⅰ,비상,2015,2,"Taste Culture, Understand Better",다양한 표현을 활용해 놀람을 나타내기. ,"A: In Korea, side dishes are free in many restaurants. B: I’m surprised that side dishes are free in Korea. ",A: 한국에서는 많은 식당에서 반찬이 무료야. B: 한국에서 반찬이 무료라는 게 놀라워. ,"A: That’s unbelievable! B: I know, right? A: No way! B: It’s true! "
94,영어Ⅰ,비상,2015,3,Sports and Science Get Along,There are ()를 활용해 사실을 진술하기. ,A: Where can I rent a bicycle? B: There are many bicycle rental shops along the river. ,A: 어디서 자전거를 빌릴 수 있어? B: 강을 따라 자전거 대여점이 많이 있어. ,A: You can find () in many places. B: That’s good to know. A: () is available near here. B: I’ll check it out. 
95,영어Ⅰ,비상,2015,4,"Together, We Can Do Better!",I’m thinking of ()를 활용해 의도를 표현하기. ,A: I have trouble understanding some languages. B: I’m thinking of using a translation program. ,A: 나는 어떤 언어를 이해하는 데 어려움이 있어. B: 번역 프로그램을 사용할까 생각 중이야. ,A: I plan to (). B: That sounds like a good idea. A: I’m considering (). B: That could be helpful. 
96,영어Ⅰ,비상,2015,5,Creativity in Action,다양한 표현을 활용해 관심을 표현하기. ,A: This painting was created in the 16th century. B: How interesting! ,A: 이 그림은 16세기에 그려졌어. B: 정말 흥미롭네! ,A: That’s fascinating! B: I didn’t know that. A: How amazing! B: Right? It’s so cool. 
97,영어Ⅰ,비상,2015,6,My Promise with Mother Nature,다양한 표현을 활용해 유감을 표현하기. ,A: I couldn’t get the last ticket to the concert. B: That’s a pity! ,A: 마지막 콘서트 티켓을 못 샀어. B: 안타깝다! ,A: That’s too bad. B: I hope you get another chance. A: What a shame! B: I feel sorry for you. 
98,영어Ⅱ,비상,2015,1,The Path Ahead,I wish I could ()를 활용해 바람이나 소원을 표현하기. ,A: You draw so well! B: I wish I could draw all the time. ,A: 너 그림 정말 잘 그린다! B: 나는 항상 그림을 그리고 싶어. ,A: I hope I can (). B: That would be amazing! A: I dream of (). B: I hope your dream comes true. 
99,영어Ⅱ,비상,2015,2,Tasty History,I suggest you ()를 활용해 상대방에게 제안하기. ,A: I’m struggling to understand this topic. B: I suggest you do some more research on it. ,A: 나는 이 주제를 이해하는 데 어려움을 겪고 있어. B: 더 연구해 보는 게 좋을 것 같아. ,A: You should try (). B: That’s a good idea. A: It might be helpful to (). B: I’ll consider that. 
100,영어Ⅱ,비상,2015,3,Our Blue Planet,It said that ()를 활용해 정보를 보고하기. ,A: What did the article say about mint? B: It said that mint has a lot of health benefits. ,A: 그 기사에서 민트에 대해 뭐라고 했어? B: 민트가 건강에 많은 이점이 있다고 했어. ,A: The news mentioned that (). B: That’s interesting. A: I read that (). B: That makes sense. 
101,영어Ⅱ,비상,2015,4,"One World, Many Ways",다양한 표현을 활용해 화남을 표현하기. ,A: He always ignores my opinions. B: It’s annoying that he doesn’t take my needs into consideration. ,A: 그는 항상 내 의견을 무시해. B: 그가 내 필요를 고려하지 않는 게 짜증 나. ,A: That’s so frustrating! B: I completely understand. A: This really bothers me. B: I can see why. 
102,영어Ⅱ,비상,2015,5,How Far Will Technology Go?,I wonder if you remember ()를 활용해 기억 여부를 묻기. ,A: Do you remember our old classmate? B: I wonder if you remember Rebecca Jackson. ,A: 우리 예전 반 친구 기억나? B: 너 Rebecca Jackson 기억해? ,"A: Do you recall ()? B: Yes, I do. A: Can you remember ()? B: Not really. "
103,영어Ⅱ,비상,2015,6,The Landscape of Stories,Wouldn’t you agree?를 활용해 상대방의 동의 여부를 묻기. ,A: This new policy seems very effective. B: Wouldn’t you agree? ,A: 이 새로운 정책이 효과적인 것 같아. B: 너도 그렇게 생각하지 않아? ,"A: Don’t you think ()? B: Yes, I do. A: Would you say that ()? B: I suppose so. "
104,영어,동아(이),2015,1,"Hi, High School!",be planning to ()를 활용해 계획에 대해 말하기. ,I’m planning to read a new book this weekend. ,나는 이번 주말에 새로운 책을 읽을 계획이야. ,I’m thinking about () soon. I’ve decided to () sometime later. 
105,영어,동아(이),2015,2,Delicious World,How did ()를 활용해 만족이나 불만족 묻기. ,What did you think about the experience? ,그 경험에 대해 어떻게 생각했어? ,What are your thoughts on ()? How would you rate ()? 
106,영어,동아(이),2015,3,Helping Hands,be good at ()를 활용해 능력 표현하기. ,I’m good at organizing tasks. ,나는 업무를 정리하는 데 능숙해. ,I excel in (). I have a talent for (). 
107,영어,동아(이),2015,4,Be Nature Smart,What can we do to ()?을 활용해 방법 묻기. ,What can we do to reduce plastic waste? ,우리는 플라스틱 쓰레기를 줄이기 위해 무엇을 할 수 있을까? ,How can we work on ()? What steps can we take to ()? 
108,영어,동아(이),2015,5,Beg to Differ,Have you ever ()?을 활용해 경험 묻기. ,Have you ever tried bungee jumping? ,너는 번지 점프를 해본 적이 있니? ,Have you ever taken part in ()? Have you ever had the chance to ()? 
109,영어,동아(이),2015,6,Beyond Korea,I can’t wait to ()을 활용해 기대 표현하기. ,I can’t wait to see the fireworks. ,나는 불꽃놀이를 보는 게 정말 기대돼. ,I’m really excited to (). I’m looking forward to (). 
110,영어,동아(이),2015,7,A Step Forward,Can you tell me about ()?을 활용해 궁금증 표현하기. ,Can you tell me about her latest book? ,그녀의 최신 책에 대해 말해 줄 수 있어? ,Could you explain ()? I’d like to know more about (). 
111,영어,동아(이),2015,8,Bon Voyage,I prefer ()을 활용해 선호 표현하기. ,I prefer tea over coffee. ,나는 커피보다 차를 더 좋아해. ,I like () better. () is my favorite. 
112,영어 I,동아(권),2015,1,Invitation to a Teen’s Life,I can’t wait to ()을 활용해 소망 표현하기. ,I can’t wait to visit the amusement park. ,나는 놀이공원에 가는 게 너무 기대돼. ,I’m looking forward to (). I’m really eager to (). 
113,영어 I,동아(권),2015,2,Taste Different Cultures,Please try some ()을 활용해 음식 권유하기. ,Please try some of these cookies. ,이 쿠키를 한번 먹어 봐. ,You should give () a try. Why don’t you taste ()? 
114,영어 I,동아(권),2015,3,Live and Let Live,I’m curious about ()을 활용해 궁금증 표현하기. ,I’m curious about how whales communicate. ,나는 고래가 어떻게 소통하는지 궁금해. ,I wonder about (). I’d like to know more about (). 
115,영어 I,동아(권),2015,4,Passion for Reading,"Which do you prefer, () or ()?을 활용해 선호에 대해 묻기. ","Which do you prefer, swimming or hiking? ",수영과 하이킹 중 어느 것을 더 좋아해? ,"Do you like () more, or ()? Would you rather do () or ()? "
116,영어 I,동아(권),2015,5,Discover the Future,"In my opinion, ()을 활용해 의견 표현하기. ","In my opinion, studying every day is helpful. ",내 생각에는 매일 공부하는 것이 도움이 돼. ,I believe that (). I think (). 
117,영어 I,동아(권),2015,6,National Pride,Can you tell me more about ()?을 활용해 설명 요청하기. ,Can you tell me more about his project? ,그의 프로젝트에 대해 좀 더 말해 줄 수 있어? ,Could you explain () to me? I’d like to know more about (). 
118,영어 II,동아(권),2015,1,Health Talks,"I think you should ()을 활용해 충고, 조언하기. ",I think you should eat more vegetables. ,나는 네가 더 많은 채소를 먹어야 한다고 생각해. ,You might want to (). It’s a good idea to (). 
119,영어 II,동아(권),2015,2,Step into the World,Don’t forget to ()을 활용해 상기시켜주기. ,Don’t forget to bring your umbrella. ,우산을 가져가는 것을 잊지 마. ,Remember to (). Make sure to (). 
120,영어 II,동아(권),2015,3,The Joy of Language,I have difficulty ()을 활용해 어려움 표현하기. ,I have difficulty remembering names. ,나는 이름을 기억하는 데 어려움을 겪어. ,It’s hard for me to (). I struggle with (). 
121,영어 II,동아(권),2015,4,Delight in Art,It is said that ()을 활용해 진술하기. ,It is said that this castle is haunted. ,이 성은 귀신이 나온다고 해. ,People say that (). They believe that (). 
122,영어 II,동아(권),2015,5,Living Together,We are supposed to ()을 활용해 도덕적 의무 표현하기. ,We are supposed to respect others. ,우리는 다른 사람을 존중해야 해. ,It’s our duty to (). We should always (). 
123,영어 II,동아(권),2015,6,Find Your Dream,I’m interested in ()을 활용해 관심 표현하기. ,I’m interested in photography. ,나는 사진 촬영에 관심이 있어. ,I have a passion for (). I enjoy (). 
124,공통영어 I,동아(이),2022,1,Life Is Experience,I’m glad to ()을 활용해 기쁨을 표현하기. ,I’m glad to join the event. ,나는 행사에 참여하게 되어 기뻐. ,I’m happy to (). I feel delighted to (). 
125,공통영어 I,동아(이),2022,2,Journey Through the Pages,I wonder ()을 활용해 궁금증을 표현하기. ,I wonder how the story ends. ,나는 그 이야기가 어떻게 끝나는지 궁금해. ,I’m curious about (). I want to know (). 
126,공통영어 I,동아(이),2022,3,Small Things Matter,Don’t forget to ()을 활용해 상기시키기. ,Don’t forget to bring your ID. ,신분증을 가져오는 것 잊지 마. ,Make sure to (). Remember to (). 
127,공통영어 I,동아(이),2022,4,Everyday Decisions,I’m planning to ()을 활용해 의도를 표현하기. ,I’m planning to visit my grandparents. ,나는 조부모님을 방문할 계획이야. ,I intend to (). I have plans to (). 
128,영어 I,동아(박),2022,1,Best Version of Me,I’m going to ()을 활용해 미래 계획을 표현하기. ,I’m going to start learning a new language. ,나는 새로운 언어를 배우기 시작할 계획이야. ,I plan to (). I intend to (). 
129,영어 I,동아(박),2022,2,Money Smart,"If I were you, I’d ()을 활용해 조언하기. ","If I were you, I’d take a short break. ",내가 너라면 잠시 쉬겠어. ,I’d recommend (). You might want to consider (). 
130,영어 I,동아(박),2022,3,Act for Our Planet,I had no idea that ()을 활용해 놀람을 표현하기. ,I had no idea that the exam was postponed. ,나는 시험이 연기된 줄 전혀 몰랐어. ,I was surprised that (). It shocked me that (). 
131,영어 I,동아(박),2022,4,Digital Well-Being,It seems ()을 활용해 의견을 표현하기. ,It seems this option is the most efficient. ,이 옵션이 가장 효율적인 것 같아. ,I get the impression that (). It appears that (). 
132,영어 I,동아(박),2022,5,Beyond Boundaries,Tell us about ()을 활용해 정보를 요청하기. ,Tell us about your favorite travel destination. ,네가 가장 좋아하는 여행지에 대해 말해 줘. ,Can you share something about ()? I’d love to hear more about (). 
133,영어 I,동아(박),2022,6,Better Together,I feel the same way 를 활용해 동의 표현하기. ,I feel the same way about this decision. ,나는 이 결정에 대해 같은 생각이야. ,I completely agree with (). I share the same opinion. 
134,기본영어,천재(강),2015,1,Cheers to Your New Start!,"""How do you feel?""을 활용해 기분 묻기. ",How do you feel about the new project? ,새 프로젝트에 대해 어떻게 느껴? ,What’s your take on ()? What’s your mood regarding ()? 
135,기본영어,천재(강),2015,2,Animals in Our Lives,How amazing! 을 활용해 감탄 표현하기. ,How amazing this sunset looks! ,이 노을 정말 멋지다! ,That’s incredible! I can’t believe how ()! 
136,기본영어,천재(강),2015,3,"Our Earth, Our Choice",Have you heard that ()을 활용해 알고 있는지 묻기. ,Have you heard that the event was postponed? ,그 행사가 연기된 거 들었어? ,Did you know that ()? Are you aware that ()? 
137,기본영어,천재(강),2015,4,All Eyes on Korea,I can’t wait to ()을 활용해 기대 표현하기. ,I can’t wait to watch the new movie. ,나는 새 영화를 빨리 보고 싶어. ,I’m looking forward to (). I’m excited about (). 
138,기본영어,천재(강),2015,5,Living in a Digital Era,Do you mean ()을 활용해 상대의 말을 확인하기. ,Do you mean we need to submit this today? ,오늘까지 제출해야 한다는 말이야? ,Are you saying ()? So you mean that ()? 
139,영어,천재(이),2015,1,Opening a New chapter,"""Which () do you want to ()?""를 활용해 영어로 질문하고 답하기. ",A: Which instrument do you want to learn? B: I’d like to learn the guitar. ,A: 어떤 악기를 배우고 싶어? B: 나는 기타를 배우고 싶어. ,A: What’s your choice for ()? B: I think I’ll go with (). A: Do you prefer () or ()? B: I’d rather choose (). 
140,영어,천재(이),2015,2,The Power of Creativity,Are you sure that ()을 활용해 확실성 정도 표현하기. ,Are you sure that this is the right direction? – Of course. ,이게 맞는 방향이 확실해? – 물론이지. ,Do you really think ()? Are you certain that ()? 
141,영어,천재(이),2015,3,Living Together,You’re not supposed to ()을 활용해 불허하기. ,You’re not supposed to use your phone in class. ,수업 중에는 휴대폰을 사용하면 안 돼. ,It’s not allowed to (). You’re not allowed to (). 
142,영어,천재(이),2015,4,The Door to the World,What do you think I should ()? 을 활용해 충고 요청하고 답하기. ,What do you think I should do? – I think you should talk to him. ,어떻게 해야 할까? – 그와 이야기해보는 게 좋겠어. ,What would you suggest I ()? Do you think I should ()? 
143,영어,천재(이),2015,5,"Our Earth, Our Future, Our Choice",I prefer () to ()을 활용해 선호 표현하기. ,I prefer coffee to tea. ,나는 차보다 커피를 더 좋아해. ,I like () better than (). I’d rather have () than (). 
144,영어,천재(이),2015,6,"Enjoy Art, Connect Hearts",I prefer () to ()을 활용해 선호 표현하기. ,I prefer summer to winter. ,나는 겨울보다 여름을 더 좋아해. ,I like () better than (). I’d rather have () than (). 
145,영어,천재(이),2015,7,Science in Our Daily Lives,I’m curious about ()을 활용해 궁금증 표현하기. ,I’m curious about how airplanes fly. ,나는 비행기가 어떻게 나는지 궁금해. ,I wonder about (). I’d like to know more about (). 
146,영어,천재(이),2015,8,Korean Culture: The Mirror of Our Hearts ,I was surprised that ()을 활용해 놀람 표현하기. ,I was surprised that she won the competition. ,그녀가 대회에서 우승했다니 놀랐어. ,I couldn’t believe that (). It shocked me that (). 
147,영어,천재(김),2015,1,"New Start, New Goals",I’m thinking of ()을 활용해 계획하기. ,I’m thinking of starting a new hobby. ,나는 새로운 취미를 시작할 생각이야. ,I plan to (). I intend to (). 
148,영어,천재(김),2015,2,How “Green” Are You?,I heard that ()을 활용해 알고 있음 표현하기. ,I heard that the concert was amazing. ,그 콘서트가 정말 대단했다고 들었어. ,I’ve been told that (). Someone told me that (). 
149,영어,천재(김),2015,3,Together We Grow,I’m worried (that) ()을 활용해 감정 표현하기. ,I’m worried that I might fail the test. ,나는 시험에서 떨어질까 봐 걱정돼. ,I’m concerned about (). I feel uneasy about (). 
150,영어,천재(김),2015,4,Speak to Be Heard,What do you think of ()을 활용해 의견 묻고 답하기. ,What do you think of this book? ,이 책에 대해 어떻게 생각해? ,What’s your opinion on ()? How do you feel about ()? 
151,영어,천재(김),2015,5,For a Better World,You’re (not) supposed to ()을 활용해 도덕적 의무 표현하기. ,You’re not supposed to use your phone in class. ,수업 중에 휴대폰을 사용하면 안 돼. ,It’s not allowed to (). You shouldn’t (). 
152,영어,천재(김),2015,6,Pack Up and Go,Have you (ever) been to ()? 를 활용해 경험 묻기. ,Have you ever been to Paris? ,너 파리에 가본 적 있어? ,Did you ever visit ()? Have you tried () before? 
153,영어,천재(김),2015,7,Beyond Earth,"I wish I could ()을 활용해 바람, 소원, 요망 표현하기. ",I wish I could travel the world. ,나는 세계를 여행할 수 있으면 좋겠어. ,I hope to (). It would be great if I could (). 
154,영어,천재(김),2015,8,Korean Culture Rediscovered,Do you mean ()? 을 활용해 확인 요청하기. ,Do you mean we should submit this today? ,오늘 제출해야 한다는 말이야? ,Are you saying ()? So you mean that ()? 
155,영어Ⅰ,천재(이),2015,1,"My Journey, My Life",I'm interested in ()을 활용해 관심 표현하기. ,I'm interested in learning how to cook. ,나는 요리 배우는 것에 관심이 있어. ,I have a passion for (). I enjoy (). 
156,영어Ⅰ,천재(이),2015,2, Art Around Us,What do you think about ()? 을 활용해 의견 묻고 답하기. ,What do you think about the new policy? ,새로운 정책에 대해 어떻게 생각해? ,How do you feel about ()? What’s your opinion on ()? 
157,영어Ⅰ,천재(이),2015,3,Toward a Better Environment,I’m concerned about ()을 활용해 걱정 표현하기. ,I’m concerned about the upcoming exam. ,나는 다가오는 시험이 걱정돼. ,I’m worried about (). I feel uneasy about (). 
158,영어Ⅰ,천재(이),2015,4, Living Together,It is important to ()을 활용해 강조하기. ,It is important to eat a balanced diet. ,균형 잡힌 식사를 하는 것이 중요해. ,We must remember to (). One should always (). 
159,영어Ⅰ,천재(이),2015,5,Culture as a Mirror of Our Lives,I’m curious about ()을 활용해 궁금증 표현하기. ,I’m curious about how this machine works. ,이 기계가 어떻게 작동하는지 궁금해. ,I wonder about (). I’d like to know more about (). 
160,영어Ⅰ,천재(이),2015,6,"Technology, What Defines Us as Humans",What makes you think ()? 을 활용해 이유 묻고 답하기. ,What makes you think she’s leaving the company? ,그녀가 회사를 떠날 거라고 생각하는 이유가 뭐야? ,Why do you believe ()? What’s your reasoning for ()? 
161,영어 II,천재(이),2015,1,My School Days,What’s your reason for ()? 을 활용해 이유 묻고 답하기. ,What’s your reason for quitting your job? ,네가 일을 그만두려는 이유가 뭐야? ,Why do you want to ()? [SUB_EXPRESSION_ 
162,영어 II,천재(이),2015,2,Discover Cultures Around the World,I’m sure ()을 활용해 확실성 정도 표현하기. ,I’m sure we’ll finish the project on time. ,우리는 프로젝트를 제시간에 끝낼 수 있을 거라고 확신해. ,I have no doubt that (). I strongly believe that (). 
163,영어 II,천재(이),2015,3,Future of Money,He said that ()을 활용해 진술하기와 보고하기. ,He said that he would be late. ,그는 늦을 거라고 말했어. ,She mentioned that (). They told me that (). 
164,영어 II,천재(이),2015,4,"Bring Literature
into Your Life",Perhaps ()을 활용해 가능성 정도 표현하기. ,Perhaps he missed the bus. ,아마 그는 버스를 놓쳤을 거야. ,It’s possible that (). Maybe (). 
165,영어 II,천재(이),2015,5,ICT in Our Lives,"Without (), () would not be ()을 활용해 가정하기. ","Without the internet, communication would not be as fast. ",인터넷이 없었다면 소통이 이렇게 빠르지 않았을 거야. ,"If it weren’t for (), (). Had it not been for (), (). "
166,영어 II,천재(이),2015,6,"Reach Beyond
Ourselves",That’s a pity. 를 활용해 유감이나 동정 표현하기. ,That’s a pity that we lost the game. ,우리가 경기에서 졌다니 안타까워. ,I feel sorry about (). It’s unfortunate that (). 
167,영어,능률(김),2015,1,The Part You Play,should를 활용해 도덕적 의무 표현하기. ,We should take better care of our surroundings. ,,We ought to pay attention to (). It is essential that we focus on (). 
168,영어,능률(김),2015,2,The Power of Creativity,It seems to me that ()의 구조를 활용해 의견이나 견해를 표현하기. ,It seems to me that contemporary design integrates both form and function. ,,"From my point of view, (). I’d say (). "
169,영어,능률(김),2015,3,Sound Life,"다양한 표현으로 걱정, 두려움 표현하기 ",I feel anxious about starting a new job. ,,I'm worried about () I'm concerned that () 
170,영어,능률(김),2015,4,Toward a Better World,비교급을 활용하여 선호를 표현하기 ,I believe exercising outdoors is better than staying indoors. ,,"I find () more enjoyable than (). In my opinion, () is preferable to (). "
171,영어,능률(김),2015,5,What Matters Most,의문문 구조를 활용하여 상대의 관심사에 대해 묻기 ,What hobbies do you enjoy the most? ,,What are you keen on ()? What do you find interesting about ()? 
172,영어,능률(김),2015,6,Beyond the Limits,다양한 표현으로 놀람 표현하기 ,I'm astonished by her ability to solve such complex problems so quickly. ,,Isn't it impressive how ()? I'm amazed at the way ()! 
173,영어,능률(김),2015,7,Finding Out the Wonders,의견을 묻기 위해 의문사를 사용하여 표현하기. ,What is your opinion about this event? ,,How do you feel about ()? What are your thoughts on ()? 
174,영어,능률(김),2015,8,It’s Up to You!,확실성이 적은 정도를 표현하기 ,I'm uncertain about this situation. ,,I am unlikely to be sure about (). I don't feel totally confident regarding (). 
175,영어,능률(양),2015,1,Where Should I Begin?,why don’t you 를 활용해 제안하기 ,Why don’t you take part in the Language Exchange Program? ,,Why don’t you consider ()? Why don’t you start ()? 
176,영어,능률(양),2015,2,"Be Smart, Be Healthy",It's () to ()를 활용하여 중요성 강조하기. ,It's essential to maintain consistent sleep habits for health. ,,It's crucial to () to ensure (). It's beneficial to () for maintaining (). 
177,영어,능률(양),2015,3,"Take Action, Make a Difference",다양한 표현으로 도움 제안하기 ,Could I assist you with anything? ,,May I lend a hand with ()? Is there something I could help you with? 
178,영어,능률(양),2015,4,"Some Like It Cold, Some Like It Hot",현재완료형을 활용해 특정 정보에 대해 알고 있는지를 묻기 ,Have you come across the term Silla Dynasty before? ,,Are you aware of ()? Do you have knowledge about ()? 
179,영어,능률(양),2015,5,We Are What We Do,'ought to ()'를 활용해 도덕적 의무 표현하기 ,We must recycle materials to conserve natural resources. ,,You ought to care about () to improve matters. One should consider () to make an ethical decision. 
180,영어,능률(양),2015,6,When Myths Meet Science,의문사 why와 명제를 포함한 간접적인 궁금증 표현을 활용하여 호기심 표현하기. ,I wonder why the stars twinkle at night. ,,I can't help but ask why (). I'm curious to know why (). 
181,영어,능률(양),2015,7,Venice Diary,공손한 요청을 위해 'Could you ()'를 활용하여 요청하기 ,Could you please provide more details about the event? ,,Could you kindly ()? Could you please ()? 
182,영어,능률(양),2015,8,The Solution Is in Nature,You're not supposed to ()을 활용해 허용되지 않음을 표현하기. ,You're not supposed to run in the hallway. ,복도에서 뛰면 안 돼요. ,It's against the rules to (). You shouldn't () here. 
183,영어1,능률(김),2015,1,A Spark in You,'have got ()을 활용해 모르고 있는 상태 표현하기.' ,I have absolutely no idea. ,,I haven't got the slightest clue. I am not sure at all. 
184,영어1,능률(김),2015,2,Embracing Our Differences,I heard that ...을 이용해 정보를 알고 있음을 표현하기. ,I heard that she received a promotion. ,,I was informed that (). I'm aware that (). 
185,영어1,능률(김),2015,3,We Are All Connected,정중한 요청이나 질문 시 사용되는 Could you ~ ()를 활용해 설명 요청하기. ,Could you explain the process in more detail? ,,Could you expand on ()? Could you clarify () for me? 
186,영어1,능률(김),2015,4,Build a Better World,감탄문을 활용하여 놀라움이나 감탄 표현하기. ,What an amazing sight! ,,What a wonderful ()! What an incredible ()! 
187,영어1,능률(김),2015,5,"Look, Think, and Create!",다양한 표현으로 놀람 표현하기 ,It's astonishing how nature inspires human inventions. ,,It's unbelievable that () can achieve such results. It amazes me that () happens so effectively. 
188,영어 2,능률(김),2015,1,Treasure in My Life,can you ()를 활용해 요청하기 ,Could you suggest an option for me? ,,Would you mind recommending ()? Do you think you could suggest ()? 
189,영어 2,능률(김),2015,2,In Someone Else’s Shoes,의문문을 활용하여 확인 요청하기. ,Are you referring to the document titled 'Analysis Report'? ,,Would you clarify if you mean ()? Are you suggesting that this involves ()? 
190,영어 2,능률(김),2015,3,Be a Critical Thinker,It is () to ()를 활용해 의무나 필요성 표현하기. ,It is important to review the instructions carefully. ,,It is essential to () thoroughly. It is obligatory to () promptly. 
191,영어 2,능률(김),2015,4,Find and Do What You Love,의문사 절을 이용해 궁금증 표현하기 ,I wonder what causes the unusual weather recently. ,,I am curious about who () could be. I can't help but think about why (). 
192,영어 2,능률(김),2015,5,Technology: An Engine for Change,다양한 표현으로 이의 제기하기 ,I'm not sure I can fully agree with that. ,,I have a different perspective. That's not how I see it. 
193,공통영어 1,YBM(박),2022,1,Enrich Your Life,be thinking of ()를 활용해 어떤 행동을 할 계획이나 의도를 표현하기. ,A: Do you have any plans for after school? B: I’m thinking of joining the school choir. ,A: 방과 후에 어떤 계획 있어? B: 나는 학교 합창단에 가입할까 생각 중이야. ,"A: Are you thinking of ()? B: Yes, I might do that. A: I'm thinking of () next semester. B: That sounds interesting! "
194,공통영어 1,YBM(박),2022,2,Explore Wildlife Wonders,be interested in ()를 활용해 어떤 것에 관심이 있음을 표현하기. ,A: What subject do you like the most? B: I’m interested in studying foreign languages. ,A: 네가 가장 좋아하는 과목은 뭐야? B: 나는 외국어 공부에 관심이 있어. ,"A: Are you interested in ()? B: Yes, I love it! A: I’m interested in () because it’s fun. B: That’s cool! "
195,공통영어 1,YBM(박),2022,3,"Embrace Diversity, Broaden Your Horizons",다양한 표현을 활용해 놀라움을 나타내기. ,A: Did you know that I love history? B: I’m surprised that you are interested in that topic. ,A: 내가 역사 좋아하는 거 알고 있었어? B: 네가 그 주제에 관심이 있다니 놀랍다! ,A: I’m surprised that () is true. B: Me too! A: I’m surprised that () happened so quickly. B: I didn’t expect that either! 
196,공통영어 1,YBM(박),2022,4,When Art Meets Technology,be looking forward to ()를 활용해 미래의 기대나 희망을 표현하기. ,A: The concert is next week! B: I’m looking forward to listening to it. ,A: 콘서트가 다음 주야! B: 나는 그걸 듣는 게 기대돼. ,"A: Are you looking forward to ()? B: Yes, I can't wait! A: I’m looking forward to () because it will be fun. B: That sounds exciting! "
197,공통영어 2,YBM(박),2022,1,Be Digitally Smart!,be expected to ()를 활용해 해야 하는 의무를 표현하기. ,A: What should I do when using social media? B: You’re expected to manage your digital footprints carefully. ,A: 소셜 미디어를 사용할 때 뭘 해야 해? B: 너는 디지털 흔적을 신중하게 관리해야 해. ,A: You’re expected to () when (). B: I understand. A: People are expected to (). B: That makes sense. 
198,공통영어 2,YBM(박),2022,2,Urgent Call From Earth,Have you heard of ()?를 활용해 무언가를 알고 있는지 묻기. ,"A: Have you heard of trees releasing moisture into the atmosphere? B: No, that sounds interesting! ","A: 나무가 대기로 수분을 방출한다는 걸 들어본 적 있어? B: 아니, 흥미롭다! ","A: Have you heard of ()? B: Yes, I have! A: Do you know about ()? B: No, tell me more! "
199,공통영어 2,YBM(박),2022,3,Rise Above Challenges,다양한 표현을 활용해 격려의 말을 건네기. ,A: I don’t think I can do this. B: You can do it! ,A: 나는 이걸 못할 것 같아. B: 넌 할 수 있어! ,A: Believe in yourself! B: I’ll try! A: Keep going! B: Thanks for your support! 
200,공통영어 2,YBM(박),2022,4,Creative Ideas for a Better World,Why don’t we ()?를 활용해 제안을 하거나 함께 할 것을 권유하기. ,A: I feel like we should do something meaningful. B: Why don’t we take action and create changes in our lives? ,A: 우리 뭔가 의미 있는 일을 해야 할 것 같아. B: 우리 직접 행동해서 변화를 만들어 보면 어때? ,A: Why don’t we () together? B: That sounds great! A: How about ()? B: That’s a good idea! 
201,영어,YBM(박),2015,1,Dream It and Achieve It,be good at ()를 활용해 능력을 표현하기. ,A: Can you dance? B: I’m good at street dance. ,A: 너 춤출 수 있어? B: 나는 스트리트 댄스를 잘해. ,"A: Are you good at ()? B: Yes, I practice a lot! A: I’m good at () because I trained hard. B: That’s impressive! "
202,영어,YBM(박),2015,2,Color Your Language,다양한 표현을 활용해 오해를 지적하기. ,A: So you don’t like this movie? B: That’s not what I mean. ,A: 그래서 네가 이 영화를 안 좋아한다는 거야? B: 그게 내가 말한 뜻이 아니야. ,"A: That’s not what I meant. B: Oh, then what did you mean? A: I didn’t mean (). B: I see, I misunderstood. "
203,영어,YBM(박),2015,3,Enjoy the Tasty World,Can you ()?를 활용해 요청하기. ,A: I bought some cookies. B: Can you wrap them separately? ,A: 쿠키를 좀 샀어. B: 따로 포장해 줄 수 있어? ,A: Can you help me ()? B: Of course! A: Could you please ()? B: No problem! 
204,영어,YBM(박),2015,4,Preparing for Weather,Make sure you don’t ()를 활용해 경고하기. ,A: It’s going to rain soon. B: Make sure you don’t leave the windows open. ,A: 곧 비 올 거야. B: 창문을 열어 두지 않도록 해. ,A: Make sure you don’t forget (). B: I’ll be careful. A: Be sure not to (). B: Thanks for the warning! 
205,영어,YBM(박),2015,5,The Joy of Appreciating Art,It seems that ()를 활용해 의견을 표현하기. ,A: What’s this movie about? B: It seems that it’s about brave heroes. ,A: 이 영화는 어떤 내용이야? B: 용감한 영웅들에 대한 이야기인 것 같아. ,A: It seems that () is true. B: That makes sense. A: It looks like (). B: I think so too. 
206,영어,YBM(박),2015,6,Traveling for Volunteer Work,should ()를 활용해 도덕적 의무를 표현하기. ,A: I want to help others. B: You should volunteer with a good heart. ,A: 나는 다른 사람들을 돕고 싶어. B: 너는 좋은 마음으로 자원봉사를 해야 해. ,A: You should () if you can. B: I agree. A: People should (). B: That’s true. 
207,영어,YBM(박),2015,7,Bringing Creativity into Our Lives,Why don’t we ()?를 활용해 제안하기. ,A: The corners of the table are sharp. B: Why don’t we cover the edges with tape? ,A: 테이블 모서리가 날카로워. B: 모서리를 테이프로 덮는 게 어때? ,A: Why don’t we () together? B: That sounds like a good idea! A: How about ()? B: Let’s do that! 
208,영어,YBM(박),2015,8,"Green Life, Green Earth",It is important to ()를 활용해 강조하기. ,A: It’s really cold today. B: It is important to wear warm clothing instead of using heaters. ,A: 오늘 진짜 춥다. B: 난방기 대신 따뜻한 옷을 입는 게 중요해. ,A: It’s important to () for safety. B: That’s true. A: We should focus on (). B: I agree. 
209,영어,YBM(박),2015,9,What Makes Sports More Exciting,다양한 표현을 활용해 놀람을 표현하기. ,A: Did you know that she climbed Mount Everest? B: That’s surprising! ,"A: 그녀가 에베레스트를 올랐다는 거 알고 있었어? B: 와, 놀랍다! ","A: I can’t believe (). B: Me neither! A: That’s amazing! B: I know, right? "
210,영어,YBM(박),2015,10,Feel What Others Feel,will probably ()를 활용해 가능성을 표현하기. ,A: Will this solution work? B: It will probably solve the problem. ,A: 이 해결책이 효과가 있을까? B: 아마 문제를 해결할 거야. ,A: It will probably (). B: I think so too. A: There’s a high chance that (). B: Let’s hope for the best! 
211,영어,YBM(한),2015,1,"A Fresh New
 Start",be interested in ()를 활용해 관심을 표현하기. ,A: What do you enjoy doing? B: I’m interested in drawing cartoons. ,A: 너는 뭐 하는 걸 좋아해? B: 나는 만화 그리는 것에 관심이 있어. ,"A: Are you interested in ()? B: Yes, I enjoy it a lot! A: I’m interested in () because it’s fun. B: That sounds great! "
212,영어,YBM(한),2015,2,"Working
 Together",be sure that ()를 활용해 확신을 표현하기. ,A: Do you think we will succeed? B: I’m sure that we will achieve the goals. ,A: 우리가 성공할 거라고 생각해? B: 나는 우리가 목표를 이룰 거라고 확신해. ,A: I’m sure that (). B: I believe so too. A: I have no doubt that (). B: That’s a great mindset. 
213,영어,YBM(한),2015,3,"Eat Right,
 Be Healthy",Why don’t you ()?를 활용해 충고하기. ,A: My shoulders hurt from sitting too long. B: Why don’t you stretch from time to time? ,A: 너무 오래 앉아 있어서 어깨가 아파. B: 가끔씩 스트레칭하는 게 어때? ,A: Why don’t you ()? B: That’s a good idea. A: You should try (). B: I’ll give it a shot. 
214,영어,YBM(한),2015,4,"Invention for
 the Rainforests",Why don’t we ()?를 활용해 제안하기. ,A: We need to reduce plastic waste. B: Why don’t we use eco-friendly bags? ,A: 우리는 플라스틱 쓰레기를 줄여야 해. B: 친환경 가방을 사용하는 게 어때? ,A: Why don’t we () together? B: That’s a great idea! A: How about ()? B: Let’s do it! 
215,영어,YBM(한),2015,5,"How to Win
 Over Someone's
 Mind",I think ()를 활용해 의견을 표현하기. ,A: Why do people like talking to her? B: I think it’s because she's a good listener. ,A: 사람들이 왜 그녀와 이야기하는 걸 좋아할까? B: 내 생각엔 그녀가 경청을 잘하기 때문이야. ,"A: I think () is the reason. B: That makes sense. A: In my opinion, (). B: I see what you mean. "
216,영어,YBM(한),2015,6,"The Most
 Efficient Job in
 the World",be planning to ()를 활용해 계획을 표현하기. ,A: Do you have any travel plans? B: I’m planning to go to Agra and see the Taj Mahal. ,A: 여행 계획 있어? B: 나는 아그라에 가서 타지마할을 볼 계획이야. ,"A: I’m planning to () next year. B: That sounds exciting! A: Are you planning to ()? B: Yes, I’m really looking forward to it. "
217,영어,YBM(한),2015,7,"Amazing
 Architecture",What else do you know about ()?를 활용해 상세한 설명 요청하기. ,A: This place is famous for its food. B: What else do you know about it? ,A: 이곳은 음식으로 유명해. B: 그 밖에 또 뭐 알아? ,"A: What more can you tell me about ()? B: Well, (). A: Do you know any other facts about ()? B: Yes, actually (). "
218,영어,YBM(한),2015,8," Living with
 Robots",Don’t you agree?를 활용해 동의 여부 묻기. ,A: This is the best book I’ve ever read. B: Don’t you agree? ,A: 이건 내가 읽어본 책 중 최고야. B: 너도 그렇게 생각하지 않아? ,"A: Don’t you think ()? B: Yes, I do. A: Would you agree that ()? B: Absolutely. "
219,영어Ⅰ,YBM(박),2015,1,"Healthy Living, Happy Life",be worried about ()를 활용해 걱정을 표현하기. ,A: Are you okay? B: I’m worried about my health. ,A: 너 괜찮아? B: 나는 내 건강이 걱정돼. ,A: I’m worried about (). B: I understand. A: I feel anxious about (). B: I hope things get better. 
220,영어Ⅰ,YBM(박),2015,2,Origins of Everyday Things,"By the way, ()?를 활용해 자연스럽게 주제 바꾸기. ","A: Chess is a very strategic game. B: By the way, do you know the rules of chess? ",A: 체스는 전략적인 게임이야. B: 그런데 체스 규칙을 알고 있어? ,"A: By the way, have you heard about ()? B: No, tell me! A: Speaking of (), do you know ()? B: Yes, I do. "
221,영어Ⅰ,YBM(박),2015,3,Advertising in Your Life,What’s the matter?를 활용해 부정적 감정의 이유 묻기. ,A: You look upset. B: What’s the matter? ,A: 너 기분 안 좋아 보여. B: 무슨 일 있어? ,"A: What’s wrong? B: I’m just feeling down. A: Is something bothering you? B: Yeah, kind of. "
222,영어Ⅰ,YBM(박),2015,4,Becoming Active as Consumers and Sellers,What do you think about ()?를 활용해 의견 묻기. ,A: Group buying is getting more common. B: What do you think about it? ,A: 공동구매가 점점 더 흔해지고 있어. B: 그거에 대해 어떻게 생각해? ,A: What’s your opinion on ()? B: I think it’s great. A: How do you feel about ()? B: I’m not sure. 
223,영어Ⅰ,YBM(박),2015,5,Cultures Around the World,It’s a kind of ()를 활용해 설명하기. ,A: What is Arirang? B: It’s a kind of Korean folk song with various verses. ,A: 아리랑이 뭐야? B: 다양한 가사가 있는 한국 전통 민요야. ,A: It’s a type of (). B: I see. A: It belongs to the category of (). B: That sounds interesting. 
224,영어Ⅰ,YBM(박),2015,6,The Future of Space Exploration,I wish I could ()를 활용해 바람이나 소원을 표현하기. ,A: Space exploration sounds exciting. B: I wish I could explore the moon. ,A: 우주 탐사가 멋지게 들려. B: 나는 달을 탐험할 수 있으면 좋겠어. ,A: I hope I can (). B: That would be amazing! A: I dream of (). B: I hope your dream comes true. 
225,영어Ⅰ,YBM(한),2015,1,Learn from Failures,I think you should ()를 활용해 조언하기. ,A: I feel so tired these days. B: I think you should get some rest. ,A: 요즘 너무 피곤해. B: 나는 네가 좀 쉬어야 한다고 생각해. ,A: You should try (). B: That sounds like a good idea. A: Why don’t you ()? B: I’ll consider it. 
226,영어Ⅰ,YBM(한),2015,2, Technology and Life,Do you see what I mean?를 활용해 이해했는지 확인하기. ,"A: So, this is how the game works. B: Do you see what I mean? ",A: 그래서 이게 게임이 작동하는 방식이야. B: 내 말 이해돼? ,"A: Do you understand what I’m saying? B: Yes, I get it. A: Does that make sense? B: Yes, thanks for explaining. "
227,영어Ⅰ,YBM(한),2015,3, Extend Your View of Art,"In my opinion, ()를 활용해 의견을 표현하기. ","A: She always solves problems quickly. B: In my opinion, she is a genius. ",A: 그녀는 항상 문제를 빨리 해결해. B: 내 생각에 그녀는 천재야. ,"A: In my opinion, () is the best choice. B: I see what you mean. A: I believe that (). B: That’s an interesting perspective. "
228,영어Ⅰ,YBM(한),2015,4,A Trip for Cultural Diversity,Don’t forget to ()를 활용해 기억하도록 당부하기. ,A: We have to leave early tomorrow. B: Don’t forget to set the alarm so we get up early in the morning. ,A: 내일 일찍 출발해야 해. B: 아침에 일찍 일어나려면 알람 맞추는 거 잊지 마. ,A: Don’t forget to (). B: I won’t! A: Be sure to (). B: Thanks for reminding me. 
229,영어Ⅰ,YBM(한),2015,5,The Small but Great Potato,I agree [disagree] with ()를 활용해 찬성 또는 반대 표현하기. ,A: I think technology has made our lives easier. B: I agree with your point. ,A: 나는 기술이 우리의 삶을 더 편리하게 만들었다고 생각해. B: 네 의견에 동의해. ,"A: I agree with (). B: So do I. A: I disagree with (). B: I see your point, but I think differently. "
230,영어Ⅰ,YBM(한),2015,6, Nature and Environment,It’s likely that ()를 활용해 가능성을 표현하기. ,A: What caused the landslide? B: It’s likely that logging may have contributed to the landslide. ,A: 산사태의 원인이 뭐야? B: 벌목이 산사태에 영향을 줬을 가능성이 높아. ,A: It’s likely that () will happen. B: That makes sense. A: There’s a good chance that (). B: I think so too. 
231,영어Ⅱ,YBM(박),2015,1,Treasure out of Trash,기쁘거나 만족스러운 감정을 표현할 때 사용하는 표현. ,A: I decided to recycle my old clothes. B: I’m glad to give it a second chance. ,A: 나는 내 헌 옷을 재활용하기로 했어. B: 그것을 다시 사용할 수 있어서 기뻐. ,A: I’m happy to (). B: That’s great to hear! A: I feel good about (). B: Me too! 
232,영어Ⅱ,YBM(박),2015,2,We Are Stronger Together,상대방이 걱정하거나 불안해할 때 안심시키는 표현. ,A: I’m worried about the team project. B: It’s going to be okay if they have specific roles. ,A: 팀 프로젝트가 걱정돼. B: 역할이 명확하면 괜찮을 거야. ,"A: Don’t worry, everything will be fine. B: I hope so. A: Everything will be okay soon. B: Thanks, that makes me feel better. "
233,영어Ⅱ,YBM(박),2015,3,Fun Science about the Human Body,상대방의 말을 정확히 이해했는지 확인하는 표현. ,A: Different colors can influence our emotions. B: Do you mean that colors affect our mood? ,A: 다양한 색이 우리의 감정에 영향을 줄 수 있어. B: 그러니까 색이 기분에 영향을 미친다는 거야? ,"A: Are you saying that ()? B: Yes, exactly! A: Do you mean ()? B: That’s right. "
234,영어Ⅱ,YBM(박),2015,4,Equality for All,상대방이 과거의 경험이나 정보를 기억하는지 물을 때 사용하는 표현. ,"A: Do you remember our social studies class about human rights? B: Yes, it was very interesting. ","A: 우리 사회 과목에서 인권에 대해 배운 거 기억해? B: 응, 정말 흥미로웠어. ","A: Do you recall ()? B: Yes, I do. A: Can you remember ()? B: Not really. "
235,영어Ⅱ,YBM(박),2015,5,Sharing the Planet with Every Creature,ought to ()를 활용해 해야 할 의무를 나타내기. ,A: Pesticides harm the environment. B: We ought to reduce our use of pesticides. ,A: 농약이 환경에 해를 끼쳐. B: 우리는 농약 사용을 줄여야 해. ,A: We should try to (). B: That’s true. A: It’s necessary to (). B: Absolutely. 
236,영어Ⅱ,YBM(박),2015,6,Humans and Technology,다양한 표현을 활용해 가상의 상황을 가정하여 이야기하기. ,A: What if people don’t pay? B: Then we’ll need a backup plan. ,A: 만약 사람들이 돈을 안 내면 어쩌지? B: 그러면 대책이 필요할 거야. ,A: What if () happens? B: We should prepare for that. A: Imagine if (). B: That would be interesting! 
237,영어Ⅱ,YBM(한),2015,1,"Microbes and
 Health",다양한 표현을 활용해 상대방의 오해나 착오를 바로잡기. ,A: So you think this rule applies to everyone? B: I’m afraid that’s not true. ,A: 그래서 네 생각에는 이 규칙이 모두에게 적용된다는 거야? B: 유감이지만 그렇지 않아. ,"A: Actually, that’s not correct. B: Oh, I didn’t know that. A: I’m sorry, but that’s not quite right. B: I see, thanks for telling me. "
238,영어Ⅱ,YBM(한),2015,2,"Lesson 2
 Money
 Matters",다양한 표현을 활용해 만족이나 불만족을 나타내기. ,A: How do you feel about your purchases? B: I’m satisfied with my purchases. ,A: 네가 산 물건들에 대해 어떻게 생각해? B: 나는 내 구매에 만족해. ,A: I’m happy with (). B: That’s great! A: I’m not happy with (). B: I see what you mean. 
239,영어Ⅱ,YBM(한),2015,3,"Lesson 3 
 Gift and
 Achievement",I think () will help.를 활용해 결과나 효과를 예상하기. ,A: I’m thinking of studying one more hour every day. B: I think that will help. ,A: 나는 매일 한 시간 더 공부할까 생각 중이야. B: 그게 도움이 될 것 같아. ,A: That might make a difference. B: I’ll give it a try. A: It’s possible that (). B: I hope so. 
240,영어Ⅱ,YBM(한),2015,4,"Lesson 4
 Look into
 Your Mind",You ought to ()를 활용해 상대방에게 행동을 추천하거나 충고하기. ,A: My desk is always messy. B: You ought to organize your desk. ,A: 내 책상이 항상 지저분해. B: 너는 책상을 정리하는 게 좋아. ,A: You should try to (). B: That’s a good idea. A: It would be better to (). B: I’ll consider that. 
241,영어Ⅱ,YBM(한),2015,5,"Lesson 5
 Exploring
 the Universe",다양한 표현을 활용해 감정을 나타내기. ,A: Did you know that some turtles live for over 100 years? B: That’s interesting. ,A: 어떤 거북이는 100년 이상 산다는 거 알고 있었어? B: 흥미롭다. ,A: That’s amazing! B: I didn’t know that. A: How fascinating! B: Right? It’s so cool. 
242,영어Ⅱ,YBM(한),2015,6,"Lesson 6
 Culture and
 Heritage",다양한 표현을 활용해 확신이 없음을 나타내기. ,"A: There’s a music festival on Friday. B: That sounds really interesting, but I’m not sure I’ll be available on Friday. ","A: 금요일에 음악 축제가 있어. B: 정말 흥미로울 것 같은데, 금요일에 시간이 될지 모르겠어. ",A: I might not be able to (). B: Let me check my schedule. A: I’m not sure if (). B: I’ll let you know later. 
243,영어,비상,2015,1,Envision,I think you should ()를 활용해 충고하기. ,A: I don’t know what career to choose. B: I think you should talk to a career mentor. ,A: 어떤 직업을 선택해야 할지 모르겠어. B: 나는 네가 진로 멘토와 상담해 보는 게 좋다고 생각해. ,A: You should consider (). B: I’ll think about it. A: Why don’t you try ()? B: That’s a good idea. 
244,영어,비상,2015,2,Express,I wonder if ()를 활용해 궁금한 점을 표현하기. ,A: Do you have a bigger size of this? B: I wonder if you have a bigger one. ,A: 이거 더 큰 사이즈 있어요? B: 혹시 더 큰 사이즈가 있나 궁금해요. ,"A: I’d like to know if (). B: Let me check. A: Do you happen to know if ()? B: I’m not sure, but I can ask. "
245,영어,비상,2015,3,Contribute,It’s important that ()를 활용해 중요한 점을 강조하기. ,A: Why should we care about the environment? B: It’s important that you care about the planet. ,A: 왜 우리가 환경을 신경 써야 해? B: 지구를 아끼는 것이 중요해. ,A: It’s essential that (). B: I totally agree. A: We must remember that (). B: That’s true. 
246,영어,비상,2015,4,Explore,Could I ask you to ()?를 활용해 정중하게 요청하기. ,A: I want to explore the city tonight. B: Could I ask you to recommend a good place to visit tonight? ,A: 오늘 밤에 시내를 돌아보고 싶어. B: 좋은 방문 장소를 추천해 줄 수 있어? ,"A: Would you mind ()? B: Sure, no problem. A: Can you help me ()? B: Of course! "
247,영어,비상,2015,5,Collaborate,Why don’t you ()?를 활용해 상대방에게 제안하거나 권유하기. ,A: I want to do something meaningful. B: Why don’t you bring some items to donate? ,A: 의미 있는 일을 하고 싶어. B: 기부할 물건을 가져오는 게 어때? ,"A: How about ()? B: That sounds like a good idea. A: Would you like to ()? B: Yes, I’d love to! "
248,영어,비상,2015,6,Decide,Are you sure ()?를 활용해 확실성을 확인하기. ,A: I think this fits perfectly. B: Are you sure it fits correctly? ,A: 이게 완벽하게 맞는 것 같아. B: 그게 제대로 맞는지 확실해? ,"A: Do you really think ()? B: Yes, I’m sure. A: Are you certain that ()? B: Pretty much. "
249,영어,비상,2015,7,Observe,It’s likely that ()를 활용해 가능성을 표현하기. ,A: Will NFC be used more in the future? B: It’s likely that you’ll be able to find NFC in more things in the future. ,A: 앞으로 NFC가 더 많이 사용될까? B: 앞으로 더 많은 곳에서 NFC를 찾을 수 있을 가능성이 높아. ,A: There’s a good chance that (). B: That makes sense. A: It’s possible that (). B: I think so too. 
250,영어,비상,2015,8,Appreciate,This means ()를 활용해 개념이나 용어를 정의하기. ,A: What does it mean when an artist mixes different styles? B: This means he borrowed artistic styles from prehistoric peoples. ,A: 예술가가 다양한 스타일을 섞는다는 건 무슨 뜻이야? B: 이것은 그가 선사 시대 사람들의 예술적 스타일을 차용했다는 뜻이야. ,"A: In other words, it means (). B: Oh, I see. A: This refers to (). B: That makes sense. "
251,영어Ⅰ,비상,2015,1,A Road to Happiness,It seems to me ()를 활용해 자신의 의견을 표현하기. ,A: I have to finish all these tasks today. B: It seems to me you won’t have enough time. ,A: 오늘 안에 이 모든 일을 끝내야 해. B: 내 생각엔 네가 시간이 부족할 것 같아. ,"A: In my opinion, (). B: That’s a good point. A: I feel like (). B: You may be right. "
252,영어Ⅰ,비상,2015,2,"Taste Culture, Understand Better",Make sure you don’t ()를 활용해 주의나 경고하기. ,A: I plan to go shopping in the afternoon. B: Make sure you don’t go shopping during siesta. ,A: 오후에 쇼핑하러 갈 계획이야. B: 시에스타 시간에는 쇼핑 가지 않도록 해. ,A: Be careful not to (). B: Thanks for the warning. A: Watch out for (). B: I’ll keep that in mind. 
253,영어Ⅰ,비상,2015,3,Sports and Science Get Along,Do you mean ()?를 활용해 상대방의 말을 확인하기. ,A: Figure skaters now perform routines with songs that have lyrics. B: Do you mean figure skaters can skate to music with lyrics? ,A: 피겨스케이터들이 가사가 있는 노래에 맞춰 연기를 할 수 있어. B: 그러니까 피겨스케이터들이 가사가 있는 음악에 맞춰 스케이트를 탈 수 있다는 거야? ,"A: Are you saying that ()? B: Yes, exactly! A: Do you mean ()? B: That’s right. "
254,영어Ⅰ,비상,2015,4,"Together, We Can Do Better!",I heard that ()를 활용해 알고 있는 정보를 표현하기. ,A: Do you know who Kim Mandeok was? B: I heard that Kim Mandeok was respected a lot. ,A: 김만덕이 누구인지 알아? B: 김만덕이 많은 존경을 받았다고 들었어. ,A: I read that (). B: That’s interesting. A: Someone told me that (). B: I didn’t know that. 
255,영어Ⅰ,비상,2015,5,Creativity in Action,다양한 표현을 활용해 특정 사물이나 사람의 정체를 확인하기. ,A: Which toothbrush is yours? B: The one with a handle and brushes inside. ,A: 네 칫솔이 어느 거야? B: 손잡이가 있고 안에 솔이 있는 거야. ,"A: The one that’s (). B: Oh, I see. A: The one with (). B: Thanks, I got it. "
256,영어Ⅰ,비상,2015,6,My Promise with Mother Nature,Do you know how to ()?를 활용해 능력 여부 묻기. ,A: I want to start a worm farm. B: Do you know how to take care of earthworms? ,A: 나는 지렁이 농장을 시작하고 싶어. B: 지렁이를 어떻게 돌보는지 알아? ,"A: Can you ()? B: I’m not sure. A: Are you able to ()? B: Yes, I’ve done it before. "
257,영어Ⅱ,비상,2015,1,The Path Ahead,I prefer to ()를 활용해 선호하는 것을 표현하기. ,A: Do you like spending time alone? B: I prefer to spend time with my friends. ,A: 너 혼자 시간 보내는 걸 좋아해? B: 나는 친구들과 함께 시간을 보내는 걸 더 좋아해. ,A: I’d rather (). B: That makes sense. A: I like () better than (). B: I agree! 
258,영어Ⅱ,비상,2015,2,Tasty History,Do you see what I mean?를 활용해 상대방이 이해했는지 확인하기. ,"A: So, the formula works like this. B: Do you see what I mean? ",A: 그래서 이 공식은 이렇게 작동해. B: 내 말 이해돼? ,"A: Do you understand what I’m saying? B: Yes, I get it. A: Does that make sense? B: Yes, thanks for explaining. "
259,영어Ⅱ,비상,2015,3,Our Blue Planet,다양한 표현을 활용해 생각할 시간을 요청하기. ,A: What do you think about this idea? B: Let me see. ,A: 이 아이디어에 대해 어떻게 생각해? B: 잠깐 생각해 볼게. ,"A: Let me think. B: Take your time. A: I need a moment. B: Sure, no rush. "
260,영어Ⅱ,비상,2015,4,"One World, Many Ways",In () they call it ()를 활용해 특정 표현을 제안하기. ,"A: What do they call this in Hindi? B: In Hindi, they call it a lehenga. ",A: 이걸 힌디어로 뭐라고 불러? B: 힌디어로 lehenga라고 불러. ,A: In () it’s called (). B: That’s interesting! A: People refer to it as (). B: I didn’t know that. 
261,영어Ⅱ,비상,2015,5,How Far Will Technology Go?,It isn’t clear to me ()를 활용해 이해 상태를 나타내기. ,A: This app can recognize any song. B: It isn’t clear to me how it recognizes the song. ,A: 이 앱은 어떤 노래든 인식할 수 있어. B: 그게 어떻게 노래를 인식하는지 잘 모르겠어. ,A: I don’t quite understand (). B: Let me explain. A: I’m confused about (). B: I can clarify it. 
262,영어Ⅱ,비상,2015,6,The Landscape of Stories,Are you interested in ()?를 활용해 상대방의 관심을 묻기. ,A: He writes beautiful poetry. B: Are you interested in his poetry? ,A: 그는 정말 아름다운 시를 써. B: 너는 그의 시에 관심 있어? ,"A: Do you have an interest in ()? B: Yes, I do. A: Are you into ()? B: Not really. "
263,영어,동아(이),2015,1,"Hi, High School!",be interested in ()를 활용해 관심을 표현하기. ,I’m interested in learning new languages. ,나는 새로운 언어를 배우는 것에 관심이 있어. ,I have a keen interest in (). () really captures my attention. 
264,영어,동아(이),2015,2,Delicious World,의문문을 활용해 상대방에게 설명 요청하기. ,What do you mean by this concept? ,이 개념이 무슨 의미야? ,Could you clarify what you mean by ()? Can you elaborate on ()? 
265,영어,동아(이),2015,3,Helping Hands,Why don’t you ()를 활용하여 제안하거나 권유하기. ,Why don’t you bring your ideas to the meeting? ,회의에 너의 아이디어를 가져오는 게 어때? ,How about you try ()? Would you consider ()? 
266,영어,동아(이),2015,4,Be Nature Smart,I’m thinking of ()을 활용해 의도 표현하기. ,I’m thinking of creating a new design. ,나는 새로운 디자인을 만들 생각이야. ,I plan on (). I have an idea for (). 
267,영어,동아(이),2015,5,Beg to Differ,You shouldn’t ()을 활용해 충고하기. ,You shouldn’t interrupt others while they speak. ,다른 사람이 말할 때 끼어들지 않는 것이 좋아. ,It’s best not to (). Try to avoid (). 
268,영어,동아(이),2015,6,Beyond Korea,I was impressed with ()을 활용해 놀람 표현하기. ,I was impressed with the new performance. ,나는 새로운 공연에 감탄했어. ,I was amazed by (). It was surprising how (). 
269,영어,동아(이),2015,7,A Step Forward,I’m not happy about ()을 활용해 불평 말하기. ,I’m not happy about the service. ,나는 서비스에 만족하지 않아. ,I’m upset about (). I feel disappointed with (). 
270,영어,동아(이),2015,8,Bon Voyage,Don’t forget to ()을 활용해 당부하기. ,Don’t forget to charge your phone. ,휴대폰을 충전하는 것을 잊지 마. ,Remember to (). Make sure to (). 
271,영어 I,동아(권),2015,1,Invitation to a Teen’s Life,"If I were you, I’d ()을 활용해 조언하기. ","If I were you, I’d practice speaking English more. ",내가 너라면 영어 말하기 연습을 더 할 거야. ,"If I were in your position, I would (). You might want to consider (). "
272,영어 I,동아(권),2015,2,Taste Different Cultures,I’ve heard that ()을 활용해 알고 있음 표현하기. ,I’ve heard that they eat with chopsticks only. ,나는 그들이 젓가락으로만 먹는다고 들었어. ,I was told that (). People say that (). 
273,영어 I,동아(권),2015,3,Live and Let Live,I’m planning to ()을 활용해 의도 표현하기. ,I’m planning to share photos of air pollution. ,나는 대기 오염에 대한 사진을 공유할 계획이야. ,I intend to (). I have a plan to (). 
274,영어 I,동아(권),2015,4,Passion for Reading,Why don’t you ()?을 활용해 제안하기. ,Why don’t you ask your teacher? ,선생님께 물어보는 게 어때? ,How about ()? Maybe you could try (). 
275,영어 I,동아(권),2015,5,Discover the Future,What makes you think ()?을 활용해 이유 묻기. ,What makes you think she will be late? ,너는 그녀가 늦을 거라고 생각하는 이유가 뭐야? ,Why do you believe ()? How do you know ()? 
276,영어 I,동아(권),2015,6,National Pride,I recommend that you ()을 활용해 추천하기. ,I recommend that you try this book. ,나는 너에게 이 책을 읽어보라고 추천할게. ,You should check out (). It would be good to (). 
277,영어 II,동아(권),2015,1,Health Talks,It’s important that you ()을 활용해 강조하기. ,It’s important that you get enough sleep. ,충분한 수면을 취하는 것이 중요해. ,You must remember to (). Make sure to (). 
278,영어 II,동아(권),2015,2,Step into the World,I can’t believe ()!을 활용해 놀람 표현하기. ,I can’t believe it’s already December! ,벌써 12월이라니 믿을 수 없어! ,That’s unbelievable! No way! 
279,영어 II,동아(권),2015,3,The Joy of Language,What does () mean?을 활용해 설명 요청하기. ,"What does ""biodiversity"" mean? ","""생물 다양성""이 무슨 뜻이야? ",Could you explain ()? Can you tell me what () means? 
280,영어 II,동아(권),2015,4,Delight in Art,Is it alright if I ()?을 활용해 허가 요청하기. ,Is it alright if I leave early? ,내가 일찍 떠나도 괜찮을까? ,Would it be okay if I ()? Can I ()? 
281,영어 II,동아(권),2015,5,Living Together,You can say that again.을 활용해 동의하기. ,You can say that again! ,완전 동의해! ,I totally agree! That’s so true! 
282,영어 II,동아(권),2015,6,Find Your Dream,I hope to ()을 활용해 바람 표현하기. ,I hope to travel around the world. ,나는 세계를 여행하기를 바라. ,I wish to (). My dream is to (). 
283,공통영어 I,동아(이),2022,1,Life Is Experience,I’m sure that ()을 활용해 확신을 표현하기. ,I’m sure that this is the best choice. ,나는 이것이 최고의 선택이라고 확신해. ,I strongly believe that (). I have no doubt that (). 
284,공통영어 I,동아(이),2022,2,Journey Through the Pages,Don’t you agree? 를 활용해 동의를 구하기. ,Don’t you agree that this idea is great? ,이 아이디어가 좋다고 생각하지 않아? ,Wouldn’t you say that ()? Do you think () makes sense? 
285,공통영어 I,동아(이),2022,3,Small Things Matter,I’d like to ()을 활용해 주제를 소개하기. ,I’d like to talk about climate change. ,나는 기후 변화에 대해 이야기하고 싶어. ,Let’s discuss (). I want to introduce (). 
286,공통영어 I,동아(이),2022,4,Everyday Decisions,I’d like to emphasize that ()을 활용해 강조하기. ,I’d like to emphasize that teamwork is essential. ,나는 팀워크가 필수적이라는 점을 강조하고 싶어. ,I want to highlight (). I must stress (). 
287,영어 I,동아(박),2022,1,Best Version of Me,"Today, I’d like to ()을 활용해 주제 소개하기. ","Today, I’d like to introduce a new project idea. ",오늘 나는 새로운 프로젝트 아이디어를 소개하고 싶어. ,Let’s discuss (). I want to talk about (). 
288,영어 I,동아(박),2022,2,Money Smart,We’re looking forward to ()을 활용해 기대를 표현하기. ,We’re looking forward to meeting the new team members. ,우리는 새로운 팀원들을 만나는 것을 기대하고 있어. ,I can’t wait to (). I’m excited about (). 
289,영어 I,동아(박),2022,3,Act for Our Planet,"In other words, ()을 활용해 설명을 부연하기. ","In other words, the meeting has been rescheduled. ","다시 말해서, 회의 일정이 변경되었어. ","That means (). To put it another way, (). "
290,영어 I,동아(박),2022,4,Digital Well-Being,"In my opinion, ()을 활용해 개인 의견을 표현하기. ","In my opinion, this movie is a masterpiece. ",내 생각에 이 영화는 걸작이야. ,"I believe that (). From my perspective, (). "
291,영어 I,동아(박),2022,5,Beyond Boundaries,What about ()을 활용해 제안하기. ,What about having a picnic this weekend? ,이번 주말에 소풍 가는 건 어때? ,How about ()? Would you consider ()? 
292,영어 I,동아(박),2022,6,Better Together,"First, Next, Then 을 활용해 순서를 나타내기. ","First, we need to set up the equipment. Next, we run the test. Then, we analyze the results. ",먼저 장비를 설치해야 해. 다음으로 테스트를 진행해. 그리고 결과를 분석해. ,"The first step is to (). After that, we (). "
293,기본영어,천재(강),2015,1,Cheers to Your New Start!,I’m worried about ()을 활용해 걱정을 표현하기. ,I’m worried about tomorrow’s exam. ,나는 내일 시험이 걱정돼. ,I’m concerned about (). I feel uneasy about (). 
294,기본영어,천재(강),2015,2,Animals in Our Lives,Is it okay to ()을 활용해 허락 요청하기. ,Is it okay to leave early today? ,오늘 일찍 가도 괜찮을까? ,Would it be fine if I ()? Am I allowed to ()? 
295,기본영어,천재(강),2015,3,"Our Earth, Our Choice",Why don’t we ()을 활용해 제안하기. ,Why don’t we go for a walk after dinner? ,저녁 먹고 산책하는 게 어때? ,How about ()? Would you like to ()? 
296,기본영어,천재(강),2015,4,All Eyes on Korea,I wonder ()을 활용해 궁금증 표현하기. ,I wonder what will happen next. ,다음에 무슨 일이 일어날지 궁금해. ,I’m curious about (). I want to know (). 
297,기본영어,천재(강),2015,5,Living in a Digital Era,Make sure you ()을 활용해 주의 사항 당부하기. ,Make sure you lock the door before leaving. ,나가기 전에 문 꼭 잠가. ,Don’t forget to (). Be sure to (). 
298,영어,천재(이),2015,1,Opening a New chapter,I’m planning to ()을 활용해 의도 표현하기. ,I’m planning to visit my grandparents this weekend. ,나는 이번 주말에 조부모님을 방문할 계획이야. ,I intend to (). I have plans to (). 
299,영어,천재(이),2015,2,The Power of Creativity,Do you know how to ()을 활용해 능력 여부 묻고 답하기. ,"Do you know how to swim? – Yes, I do. ","수영할 줄 알아? – 응, 알아. ",Can you ()? Are you able to ()? 
300,영어,천재(이),2015,3,Living Together,Would you mind ()? 을 활용해 요청하고 답하기. ,Would you mind opening the window? – Of course not. ,창문 좀 열어줄 수 있어? – 괜찮아. ,Could you please ()? Would you be okay with ()? 
301,영어,천재(이),2015,4,The Door to the World,"Would you say that again, please? 를 활용해 반복 요청하기. ","Would you say that again, please? ",다시 한 번 말해줄래? ,Could you repeat that? Can you say that one more time? 
302,영어,천재(이),2015,5,"Our Earth, Our Future, Our Choice",I was surprised that ()을 활용해 놀람 표현하기. ,I was surprised that he won the competition. ,그가 대회에서 우승했다니 놀랐어. ,I couldn’t believe that (). It shocked me that (). 
303,영어,천재(이),2015,6,"Enjoy Art, Connect Hearts",Have you heard about ()? 을 활용해 알고 있는지 묻고 답하기. ,"Have you heard about the new movie? – Yes, I have. ","새로운 영화에 대해 들어봤어? – 응, 들어봤어. ",Do you know about ()? Are you aware of ()? 
304,영어,천재(이),2015,7,Science in Our Daily Lives,It seems to me that ()을 활용해 의견 표현하기. ,It seems to me that this is the best solution. ,내 생각엔 이게 최선의 해결책 같아. ,"I believe that (). In my opinion, (). "
305,영어,천재(이),2015,8,Korean Culture: The Mirror of Our Hearts ,Why don’t we ()? 을 활용해 제안∙권유하기. ,Why don’t we go hiking this weekend? – That’s a great idea. ,이번 주말에 하이킹 가는 거 어때? – 좋은 생각이야. ,How about ()? Would you like to ()? 
306,영어,천재(김),2015,1,"New Start, New Goals",How do you like ()을 활용해 만족 ․ 불만족 묻기. ,How do you like your new apartment? ,새 아파트는 어때? ,What do you think of ()? Are you satisfied with ()? 
307,영어,천재(김),2015,2,How “Green” Are You?,Why don’t we ()을 활용해 제안 ․ 권유하기. ,Why don’t we go for a walk after lunch? ,점심 먹고 산책하는 거 어때? ,How about ()? Would you like to ()? 
308,영어,천재(김),2015,3,Together We Grow,I think you should ()을 활용해 충고하기. ,I think you should talk to your teacher. ,선생님과 이야기해 보는 게 좋을 것 같아. ,You might want to (). I suggest you (). 
309,영어,천재(김),2015,4,Speak to Be Heard,I (don’t) agree (with you) 를 활용해 동의 여부 말하기. ,I agree with your idea. ,나는 네 생각에 동의해. ,I completely agree that (). I don’t think () is right. 
310,영어,천재(김),2015,5,For a Better World,Let me ()을 활용해 도움 제안하기. ,Let me carry your bag for you. ,네 가방 들어줄게. ,I can help you with (). Would you like me to ()? 
311,영어,천재(김),2015,6,Pack Up and Go,Don’t forget to ()을 활용해 상기시켜 주기. ,Don’t forget to bring your ID. ,신분증 가져오는 거 잊지 마. ,Make sure to (). Remember to (). 
312,영어,천재(김),2015,7,Beyond Earth,Can you explain ()? 을 활용해 설명 요청하기. ,Can you explain this math problem? ,이 수학 문제 설명해 줄 수 있어? ,Could you clarify ()? Would you mind explaining ()? 
313,영어,천재(김),2015,8,Korean Culture Rediscovered,Would it be possible for me to ()? 을 활용해 허가 여부 묻기. ,Would it be possible for me to take a day off tomorrow? ,내일 하루 쉬는 게 가능할까? ,Is it okay if I ()? Can I get permission to ()? 
314,영어Ⅰ,천재(이),2015,1,"My Journey, My Life",I hope ()을 활용해 희망‧기대 표현하기. ,I hope we can meet again soon. ,우리가 곧 다시 만나길 바래. ,I wish for (). I look forward to (). 
315,영어Ⅰ,천재(이),2015,2, Art Around Us,I’ve been told ()을 활용해 알고 있음 표현하기. ,I’ve been told that this restaurant is really good. ,이 식당이 정말 좋다고 들었어. ,Someone told me that (). I heard that (). 
316,영어Ⅰ,천재(이),2015,3,Toward a Better Environment,Why don’t we ()? 을 활용해 제안‧권유하고 답하기. ,Why don’t we try the new café? – That’s a great idea. ,새로운 카페에 가보는 건 어때? – 좋은 생각이야. ,How about ()? Would you like to ()? 
317,영어Ⅰ,천재(이),2015,4, Living Together,I’m thinking of ()을 활용해 의도 표현하기. ,I’m thinking of moving to a new city. ,나는 새로운 도시로 이사할 생각이야. ,I plan to (). I intend to (). 
318,영어Ⅰ,천재(이),2015,5,Culture as a Mirror of Our Lives,Can you explain ()? 을 활용해 설명 요청하고 답하기. ,Can you explain how to use this software? ,이 소프트웨어를 어떻게 사용하는지 설명해 줄 수 있어? ,Could you clarify ()? Would you mind explaining ()? 
319,영어Ⅰ,천재(이),2015,6,"Technology, What Defines Us as Humans",Is it possible that ()? 을 활용해 가능성 묻고 답하기. ,Is it possible that we’ll have a snow day tomorrow? ,내일 눈이 와서 휴교할 가능성이 있을까? ,Could it be that ()? Do you think there’s a chance that ()? 
320,영어 II,천재(이),2015,1,My School Days,That’s exactly what I think. 를 활용해 동의하기. ,That’s exactly what I think about this issue. ,이 문제에 대해 나도 똑같이 생각해. ,I completely agree with (). I feel the same way about (). 
321,영어 II,천재(이),2015,2,Discover Cultures Around the World,() means ()을 활용해 정의하기. ,Shaking hands means greeting someone politely. ,악수를 하는 것은 상대방에게 정중히 인사하는 것을 의미해. ,To give () symbolizes (). This represents (). 
322,영어 II,천재(이),2015,3,Future of Money,Is it necessary to ()? 을 활용해 의무 여부 묻고 답하기. ,Is it necessary to bring an ID card? ,신분증을 가져와야 해? ,Do I have to ()? Am I required to ()? 
323,영어 II,천재(이),2015,4,"Bring Literature
into Your Life",I’m into ()을 활용해 좋아하는 것 말하기. ,I’m into photography. ,나는 사진 찍는 걸 좋아해. ,I really enjoy (). I have a passion for (). 
324,영어 II,천재(이),2015,5,ICT in Our Lives,I’m surprised that ()을 활용해 놀람 표현하기. ,I’m surprised that he passed the exam. ,그가 시험에 합격했다니 놀라워. ,I couldn’t believe that (). It shocked me that (). 
325,영어 II,천재(이),2015,6,"Reach Beyond
Ourselves","In my opinion, ()을 활용해 의견 표현하기. ","In my opinion, online learning is very effective. ",내 생각에는 온라인 학습이 매우 효과적이야. ,"I believe that (). From my perspective, (). "
