textbook ID,레슨,단어,품사,PoS,뜻,예문,예문 해석,voca_options
701,7,actually,부사,4,"실제로, 정말로","Actually, exercise can be good for your sleep.",운동은 실제로 숙면에 좋을 수 있다.,
701,1,add,동사,1,"더하다, 추가하다",Can you add her name to the list?,그녀의 이름을 명단에 추가해 주시겠습니까?,
701,3,advice,명사,2,"조언, 충고",I need your advice.,당신의 조언이 필요합니다.,"[{""voca_id"": 701, ""word"": ""advice"", ""meaning"": ""조언,충고"", ""pos_no"": 2, ""pos"": ""명사""}]"
701,7,amazing,형용사,3,"놀라운, 굉장한",His story was amazing.,그의 이야기는 놀라웠다.,
701,3,arrive,동사,1,도착하다,We arrived at the airport on time.,우리는 제 시간에 공항에 도착했다.,
701,2,artist,명사,2,"화가, 예술가",The artist is drawing pictures on the street.,화가가 거리에서 그림을 그리고 있다.,
701,6,behind,부사,4,뒤에,There were a lot of people behind me in the line.,내 뒤에 줄 서 있는 사람들이 많았다.,
701,8,behind,부사,4,뒤에,There were a lot of people behind me in the line.,내 뒤에 줄 서 있는 사람들이 많았다.,
701,1,boring,형용사,3,"재미없는, 지루한","The movie was boring, so I fell asleep.",그 영화가 지루해서 나는 잠이 들었다.,
701,7,borrow,동사,1,빌리다,She sometimes borrows clothes from her sister.,그녀는 종종 언니에게서 옷을 빌린다.,
701,1,both,대명사,5,"양쪽, 둘 다",Both of my brothers are university students.,나의 형들은 둘 다 대학생이다.,
701,7,bring,동사,1,"가져오다, 데려오다",Please bring your books with you.,책을 꼭 가지고 오세요.,
701,7,broomstick,명사,2,빗자루,People used broomsticks to clean their houses in the past.,옛날에 사람들은 빗자루를 이용하여 집을 청소했다.,
701,3,buy,동사,1,"사다, 구입하다",I want to buy a new computer.,나는 새 컴퓨터를 사고 싶다.,
701,7,camel,명사,2,낙타,Camels can live in the desert without water for many days.,낙타는 물 없이 사막에서 며칠간 살 수 있다.,
701,3,carefully,부사,4,"주의 깊게, 신중히",We need to speak more carefully.,우리는 더 신중히 말해야 한다.,
701,6,carry,동사,1,"나르다, 가지고 가다",She carried her baby in her arms.,그녀는 팔에 아기를 안고 다녔다.,
701,8,carry,동사,1,"나르다, 가지고 가다",She carried her baby in her arms.,그녀는 팔에 아기를 안고 다녔다.,
701,4,central,형용사,3,중심,Place that table in the center of the room.,저 탁자를 방 한 가운데에 놓으세요.,
701,4,century,명사,2,"세기, 100년",It started in the 17th century.,그것은 17세기에 시작되었다.,"[{""voca_id"": 733, ""word"": ""century"", ""meaning"": ""세기"", ""pos_no"": 2, ""pos"": ""명사""}]"
701,4,change,동사,1,"변하다, 변화",Sounds like you need a change.,너한테 변화가 필요한 것 같구나.,
701,7,cheerful,형용사,3,"명랑한, 기분 좋은",Sunny days make me feel cheerful.,햇빛 좋은 날은 나를 명랑하게 한다.,
701,7,chimney,명사,2,굴뚝,Smoke from fire will go up into the air through the chimney.,불에서 나온 연기가 굴뚝을 통해 공중으로 올라갈 것이다.,
701,1,classmate,명사,2,"반 친구, 급우",James and Patrick are my classmates.,James와 Patrick은 우리 반 친구들이다.,
701,7,coal,명사,2,석탄,I put more coal on the fire.,나는 불 위에 석탄을 더 얹었다.,"[{""voca_id"": 1022, ""word"": ""coal"", ""meaning"": ""석탄"", ""pos_no"": 2, ""pos"": ""명사""}]"
701,4,conclusion,명사,2,결론,I don't agree with your conclusion.,나는 당신의 결론에 동의하지 않습니다.,
701,1,country,명사,2,"국가, 나라",I'm very proud of my country.,나는 우리나라가 매우 자랑스럽다.,
701,6,create,동사,1,"만들다, 창조하다",The chef created a brand-new dish.,그 요리사는 아주 새로운 요리를 만들었다.,"[{""voca_id"": 1060, ""word"": ""create"", ""meaning"": ""창조하다"", ""pos_no"": 1, ""pos"": ""동사""}, {""voca_id"": 1061, ""word"": ""create"", ""meaning"": ""창조하다,만들다"", ""pos_no"": 1, ""pos"": ""동사""}]"
701,8,create,동사,1,"만들다, 창조하다",The chef created a brand-new dish.,그 요리사는 아주 새로운 요리를 만들었다.,"[{""voca_id"": 1060, ""word"": ""create"", ""meaning"": ""창조하다"", ""pos_no"": 1, ""pos"": ""동사""}, {""voca_id"": 1061, ""word"": ""create"", ""meaning"": ""창조하다,만들다"", ""pos_no"": 1, ""pos"": ""동사""}]"
701,2,culture,명사,2,문화,Each country has its own culture.,각 나라는 그들만의 문화가 있다.,
701,3,customer,명사,2,"고객, 손님",Dave is a regular customer at this restaurant.,Dave는 이 식당의 단골 손님이다.,
701,2,decide,동사,1,"결정하다, 결심하다",They decided to go to Paris for their honeymoon.,그들은 신혼여행으로 파리에 가기로 결정했다.,
701,4,delicious,형용사,3,맛있는,This curry tastes delicious.,이 카레는 맛있다.,
701,1,different,형용사,3,"다른, 같지 않은",We had different opinions about the issue.,우리는 그 문제에 대해 다른 견해를 가지고 있었다.,
701,3,discount,명사,2,할인,Please give me a discount.,좀 깎아 주세요.,"[{""voca_id"": 2624, ""word"": ""discount"", ""meaning"": ""할인"", ""pos_no"": 2, ""pos"": ""명사""}, {""voca_id"": 2625, ""word"": ""discount"", ""meaning"": ""할인하다"", ""pos_no"": 1, ""pos"": ""동사""}]"
701,4,discovery,명사,2,발견,Scientists work hard to make great discoveries.,과학자들은 위대한 발견을 하기 위해 열심히 일한다.,
701,5,do one's best,숙어/관용어,9,최선을 다하다,I will do my best to get good grades.,나는 좋은 성적을 받기 위해 최선을 다할 것이다.,
701,3,donate,동사,1,"기부하다, 기증하다",I donate money to many different charities each year.,나는 매년 여러 다양한 자선 단체에 돈을 기부한다.,"[{""voca_id"": 1093, ""word"": ""donate"", ""meaning"": ""헌혈하다,(장기를) 기증하다"", ""pos_no"": 1, ""pos"": ""동사""}, {""voca_id"": 1094, ""word"": ""donate"", ""meaning"": ""기부하다"", ""pos_no"": 1, ""pos"": ""동사""}]"
701,2,draw,동사,1,(그림을) 그리다,The child likes to draw pictures of animals.,그 아이는 동물 그림 그리는 것을 좋아한다.,
701,5,drop,동사,1,떨어지다[뜨리다],He dropped his smartphone on the floor.,그는 스마트폰을 바닥에 떨어뜨렸다.,
701,2,during,전치사,6,~ 동안 (내내),I was busy during the weekend.,나는 주말 동안 바빴다.,
701,4,Earth,명사,2,지구,Earth is the third planet from the sun.,지구는 태양에서 세 번째 행성이다.,
701,6,emotion,명사,2,"감정, 정서",He sang the song with a lot of emotion.,그는 많은 감정을 담아 그 노래를 불렀다.,"[{""voca_id"": 773, ""word"": ""emotion"", ""meaning"": ""감정"", ""pos_no"": 2, ""pos"": ""명사""}]"
701,8,emotion,명사,2,"감정, 정서",He sang the song with a lot of emotion.,그는 많은 감정을 담아 그 노래를 불렀다.,"[{""voca_id"": 773, ""word"": ""emotion"", ""meaning"": ""감정"", ""pos_no"": 2, ""pos"": ""명사""}]"
701,2,enjoy,동사,1,"즐기다, 즐겁게 ~하다",I enjoy taking hot baths.,나는 뜨거운 물에 목욕하는 것을 즐긴다.,"[{""voca_id"": 1113, ""word"": ""enjoy"", ""meaning"": ""즐기다"", ""pos_no"": 1, ""pos"": ""동사""}]"
701,1,evening,명사,2,저녁,They arrived home in the evening.,그들은 저녁에 집에 도착했다.,
701,6,everywhere,부사,4,"모든 곳에, 어디나",I looked everywhere but I couldn't find my cell phone.,모든 곳을 찾아 봤지만 핸드폰을 찾을 수는 없었다.,
701,8,everywhere,부사,4,"모든 곳에, 어디나",I looked everywhere but I couldn't find my cell phone.,모든 곳을 찾아 봤지만 핸드폰을 찾을 수는 없었다.,
701,3,expensive,형용사,3,"비싼, 고가의",He bought her an expensive doll.,그는 그녀에게 비싼 인형을 사 주었다.,"[{""voca_id"": 1128, ""word"": ""expensive"", ""meaning"": ""비싼"", ""pos_no"": 3, ""pos"": ""형용사""}]"
701,5,experience,명사,2,"겪다, 경험하다",You can experience new things in other countries.,다른 나라에서는 새로운 것들을 경험할 수 있다.,"[{""voca_id"": 1129, ""word"": ""experience"", ""meaning"": ""경험하다"", ""pos_no"": 1, ""pos"": ""동사""}, {""voca_id"": 2636, ""word"": ""experience"", ""meaning"": ""경험하다, 겪다"", ""pos_no"": 1, ""pos"": ""동사""}, {""voca_id"": 2637, ""word"": ""experience"", ""meaning"": ""경험"", ""pos_no"": 2, ""pos"": ""명사""}]"
701,6,explore,동사,1,"나타내다, 표현하다",She doesn't express her feelings well.,그녀는 자신의 감정을 잘 표현하지 않는다.,
701,8,express,동사,1,"나타내다, 표현하다",She doesn't express her feelings well.,그녀는 자신의 감정을 잘 표현하지 않는다.,"[{""voca_id"": 785, ""word"": ""express"", ""meaning"": ""표현하다"", ""pos_no"": 1, ""pos"": ""동사""}, {""voca_id"": 786, ""word"": ""express"", ""meaning"": ""특급 배송"", ""pos_no"": 2, ""pos"": ""명사""}, {""voca_id"": 787, ""word"": ""express"", ""meaning"": ""급행의,신속한"", ""pos_no"": 3, ""pos"": ""형용사""}]"
701,4,fact,명사,2,사실,Everyone knows that the sun rises in the east. It's a fact.,모든 사람이 해가 동쪽에서 뜨는 것을 알고 있다. 그것은 사실이다.,
701,2,famous,형용사,3,유명한,A famous actress lives in this building.,유명한 여배우가 이 건물에 산다.,
701,1,favorite,형용사,3,아주 좋아하는,My favorite song is playing on the radio.,내가 좋아하는 노래가 라디오에서 나온다.,
701,5,field,명사,2,"들판, 광장, 경기장, 분야",My school has a big soccer field.,우리 학교에는 큰 축구 경기장이 있다.,
701,5,final,"명사,형용사",,"마지막의, 최종적인, 결승전",They went home to watch the World Cup finals.,그들은 월드컵 결승전을 보기 위해 집으로 갔다.,"[{""voca_id"": 1153, ""word"": ""final"", ""meaning"": ""결승전"", ""pos_no"": 2, ""pos"": ""명사""}, {""voca_id"": 1154, ""word"": ""final"", ""meaning"": ""기말시험"", ""pos_no"": 2, ""pos"": ""명사""}, {""voca_id"": 1155, ""word"": ""final"", ""meaning"": ""최종의"", ""pos_no"": 3, ""pos"": ""형용사""}]"
701,3,find,동사,1,"찾다, 발견하다",I can't find my keys anywhere.,나는 어디에서도 내 열쇠를 찾을 수 없다.,
701,3,flea market,명사,2,벼룩시장,I bought this shirt at a flea market.,나는 이 셔츠를 벼룩시장에서 샀다.,
701,5,floating,형용사,3,(물이나 공중에) 떠 있는,Some people use boats as floating houses.,어떤 사람들은 배를 수상 가옥으로 사용하기도 한다.,
701,5,follow,동사,1,"뒤따르다, 따르다",The dog followed the man into the house.,그 개가 집안으로 남자를 따라왔다.,"[{""voca_id"": 1182, ""word"": ""follow"", ""meaning"": ""따르다,(사회관계망 서비스 등에)팔로하다"", ""pos_no"": 1, ""pos"": ""동사""}, {""voca_id"": 1183, ""word"": ""follow"", ""meaning"": ""(분명히) 이해하다"", ""pos_no"": 1, ""pos"": ""동사""}]"
701,4,future,"명사, 형용사",,"미래, 장래",Our lives will be different in the future.,미래에 우리 삶은 달라질 것이다.,
701,7,garlic,명사,2,마늘,Try to eat garlic every day. It's good for your health.,매일 마늘을 먹도록 해라. 마늘은 건강에 좋다.,
701,5,give up,"동사, 숙어/관용어",,포기하다,Don't give up hope in any case.,어떠한 상황이든 희망을 잃지 마.,
701,7,goat,명사,2,염소,Wild goats live in the mountains.,야생 염소는 산에서 산다.,
701,6,grade,명사,2,"등급, 학년, 성적",I got a bad grade on my math test.,나는 수학 시험에서 좋지 않은 성적을 받았다.,"[{""voca_id"": 1203, ""word"": ""grade"", ""meaning"": ""채점하다"", ""pos_no"": 1, ""pos"": ""동사""}, {""voca_id"": 1204, ""word"": ""grade"", ""meaning"": ""등급"", ""pos_no"": 2, ""pos"": ""명사""}, {""voca_id"": 1205, ""word"": ""grade"", ""meaning"": ""성적,등급"", ""pos_no"": 2, ""pos"": ""명사""}, {""voca_id"": 1206, ""word"": ""grade"", ""meaning"": ""학년,성적"", ""pos_no"": 2, ""pos"": ""명사""}]"
701,8,grade,명사,2,"등급, 학년, 성적",I got a bad grade on my math test.,나는 수학 시험에서 좋지 않은 성적을 받았다.,"[{""voca_id"": 1203, ""word"": ""grade"", ""meaning"": ""채점하다"", ""pos_no"": 1, ""pos"": ""동사""}, {""voca_id"": 1204, ""word"": ""grade"", ""meaning"": ""등급"", ""pos_no"": 2, ""pos"": ""명사""}, {""voca_id"": 1205, ""word"": ""grade"", ""meaning"": ""성적,등급"", ""pos_no"": 2, ""pos"": ""명사""}, {""voca_id"": 1206, ""word"": ""grade"", ""meaning"": ""학년,성적"", ""pos_no"": 2, ""pos"": ""명사""}]"
701,7,grass,명사,2,"풀, 잔디",Don't walk on the grass.,잔디 위를 걷지 마라.,
701,6,grow up,동사,1,성장하다,My daughter wants to be a doctor when she grows up.,우리 딸은 커서 의사가 되고 싶어 한다.,
701,8,grow up,동사,1,성장하다,My daughter wants to be a doctor when she grows up.,우리 딸은 커서 의사가 되고 싶어 한다.,
701,3,half,명사,2,"반, 절반",I know half of the people in the room.,나는 방에 있는 사람들의 절반을 안다.,"[{""voca_id"": 1215, ""word"": ""half"", ""meaning"": ""절반"", ""pos_no"": 2, ""pos"": ""명사""}, {""voca_id"": 1216, ""word"": ""half"", ""meaning"": ""30분"", ""pos_no"": 2, ""pos"": ""명사""}]"
701,4,healthy,형용사,3,"건강한, 건강에 좋은",Plants need sunlight to stay healthy.,식물은 건강하게 자라기 위해 햇빛이 필요하다.,"[{""voca_id"": 1226, ""word"": ""healthy"", ""meaning"": ""건강한,건강에 좋은"", ""pos_no"": 3, ""pos"": ""형용사""}]"
701,2,holiday,명사,2,"휴일, 휴가",New Year's Day is a public holiday.,1월 1일은 공휴일이다.,
701,1,hometown,명사,2,고향,His hometown is London.,그의 고향은 런던이다.,
701,4,human,"형용사, 명사",,"인간의, 사람의, 인간",Dogs can hear better than humans.,개들은 인간보다 더 잘 들을 수 있다.,
701,4,impossible,형용사,3,불가능한,Life without a cell phone is impossible in modern times.,현대 사회에서 휴대전화가 없는 삶은 불가능하다.,
701,4,information,명사,2,정보,Visit the website for more information.,더 많은 정보를 원하시면 웹사이트를 방문하십시오.,
701,6,instrument,명사,2,"기구, 도구, 악기",My favorite musical instrument is the violin.,내가 가장 좋아하는 악기는 바이올린이다.,"[{""voca_id"": 807, ""word"": ""instrument"", ""meaning"": ""기구,도구"", ""pos_no"": 2, ""pos"": ""명사""}, {""voca_id"": 808, ""word"": ""instrument"", ""meaning"": ""악기,도구"", ""pos_no"": 2, ""pos"": ""명사""}]"
701,8,instrument,명사,2,"기구, 도구, 악기",My favorite musical instrument is the violin.,내가 가장 좋아하는 악기는 바이올린이다.,"[{""voca_id"": 807, ""word"": ""instrument"", ""meaning"": ""기구,도구"", ""pos_no"": 2, ""pos"": ""명사""}, {""voca_id"": 808, ""word"": ""instrument"", ""meaning"": ""악기,도구"", ""pos_no"": 2, ""pos"": ""명사""}]"
701,1,interest,명사,2,"관심, 흥미",I have an interest in music.,나는 음악에 관심이 있다.,"[{""voca_id"": 1246, ""word"": ""interest"", ""meaning"": ""관심을 끌다"", ""pos_no"": 1, ""pos"": ""동사""}, {""voca_id"": 1247, ""word"": ""interest"", ""meaning"": ""흥미롭게 하다"", ""pos_no"": 1, ""pos"": ""동사""}, {""voca_id"": 1248, ""word"": ""interest"", ""meaning"": ""관심,흥미"", ""pos_no"": 2, ""pos"": ""명사""}, {""voca_id"": 1249, ""word"": ""interest"", ""meaning"": ""이익"", ""pos_no"": 2, ""pos"": ""명사""}, {""voca_id"": 1250, ""word"": ""interest"", ""meaning"": ""(금융) 이자"", ""pos_no"": 2, ""pos"": ""명사""}]"
701,1,interesting,형용사,3,"재미있는, 흥미로운",This book is very interesting.,이 책은 매우 흥미롭다.,
701,4,invention,명사,2,"발명, 발명품",This invention can read books to blind people.,이 발명품은 맹인에게 책을 읽어줄 수 있다.,
701,3,item,명사,2,"품목, 항목",There were many items on display in the store window.,상점 진열창에 많은 물건들이 진열되어 있었다.,"[{""voca_id"": 1254, ""word"": ""item"", ""meaning"": ""물품,항목"", ""pos_no"": 2, ""pos"": ""명사""}]"
701,7,knock,동사,1,"두드리다, 노크하다",He always knocks on the door when he goes into his daughter's room.,그는 항상 딸의 방에 들어갈 때 방문을 두드린다.,"[{""voca_id"": 2672, ""word"": ""knock"", ""meaning"": ""두드리다"", ""pos_no"": 1, ""pos"": ""동사""}, {""voca_id"": 2673, ""word"": ""knock"", ""meaning"": ""노크"", ""pos_no"": 2, ""pos"": ""명사""}]"
701,7,know,동사,1,"알다, 알고 있다",He knows many things about Korean culture.,그는 한국 문화에 대해 많은 것을 알고 있다.,
701,6,law,명사,2,"법률, 법학",He studied law and became a lawyer.,그는 법을 공부하고 변호사가 되었다.,"[{""voca_id"": 1262, ""word"": ""law"", ""meaning"": ""(과학/철학상의) 법칙"", ""pos_no"": 2, ""pos"": ""명사""}, {""voca_id"": 1263, ""word"": ""law"", ""meaning"": ""법"", ""pos_no"": 2, ""pos"": ""명사""}]"
701,8,law,명사,2,"법률, 법학",He studied law and became a lawyer.,그는 법을 공부하고 변호사가 되었다.,"[{""voca_id"": 1262, ""word"": ""law"", ""meaning"": ""(과학/철학상의) 법칙"", ""pos_no"": 2, ""pos"": ""명사""}, {""voca_id"": 1263, ""word"": ""law"", ""meaning"": ""법"", ""pos_no"": 2, ""pos"": ""명사""}]"
701,4,lesson,명사,2,"수업, 교훈",He learns life lessons from his dad.,그는 아버지에게 인생 교훈을 배운다.,
701,4,library,명사,2,도서관,I borrowed some art books from the library.,나는 도서관에서 미술책들을 몇 권 빌렸다.,
701,7,look for,"동사,숙어/관용어",#REF!,"찾다, 구하다",My older brother is looking for a job these days.,요즘 오빠는 직업을 찾고 있어요.,
701,5,lose,동사,#REF!,"잃다, 지다","She practiced hard, but she lost the game.","그녀는 열심히 연습했지만, 시합에서 졌다.","[{""voca_id"": 1289, ""word"": ""lose"", ""meaning"": ""잃다,경기에 지다"", ""pos_no"": 1, ""pos"": ""동사""}, {""voca_id"": 1290, ""word"": ""lose"", ""meaning"": ""경기에 지다"", ""pos_no"": 1, ""pos"": ""동사""}]"
701,6,loudly,부사,#REF!,"큰 소리로, 소리 높이",You should not talk loudly in the library.,도서관에서 크게 이야기해서는 안 된다.,
701,8,loudly,부사,#REF!,"큰 소리로, 소리 높이",You should not talk loudly in the library.,도서관에서 크게 이야기해서는 안 된다.,
701,3,low,형용사,#REF!,"낮은, (값이) 싼",I got a low grade on the math test.,나는 수학 시험에서 낮은 점수를 받았다.,
701,7,luck,명사,#REF!,행운,I need a bit of luck to win this game.,이번 게임을 이기려면 조금의 행운이 필요하다.,
701,1,map,명사,2,"지도, 약도","According to this map, the park is over there.",이 지도에 따르면 공원은 저쪽에 있다.,
701,6,match,동사,1,"조화시키다, 맞추다, 어울리다",My dog can match these pictures to their names.,우리 집 개는 이 사진과 그 이름을 연결시켜 맞출 수 있다.,"[{""voca_id"": 823, ""word"": ""match"", ""meaning"": ""대응하다,연결하다"", ""pos_no"": 1, ""pos"": ""동사""}, {""voca_id"": 824, ""word"": ""match"", ""meaning"": ""맞먹다,필적하다"", ""pos_no"": 1, ""pos"": ""동사""}, {""voca_id"": 825, ""word"": ""match"", ""meaning"": ""부응하다"", ""pos_no"": 1, ""pos"": ""동사""}, {""voca_id"": 826, ""word"": ""match"", ""meaning"": ""연결시키다"", ""pos_no"": 1, ""pos"": ""동사""}, {""voca_id"": 827, ""word"": ""match"", ""meaning"": ""어울리다"", ""pos_no"": 1, ""pos"": ""동사""}, {""voca_id"": 828, ""word"": ""match"", ""meaning"": ""일치하다"", ""pos_no"": 1, ""pos"": ""동사""}, {""voca_id"": 829, ""word"": ""match"", ""meaning"": ""짝짓기 하다"", ""pos_no"": 1, ""pos"": ""동사""}, {""voca_id"": 830, ""word"": ""match"", ""meaning"": ""맞수,호적수"", ""pos_no"": 2, ""pos"": ""명사""}, {""voca_id"": 831, ""word"": ""match"", ""meaning"": ""성냥,시합"", ""pos_no"": 2, ""pos"": ""명사""}, {""voca_id"": 832, ""word"": ""match"", ""meaning"": ""경기,시합"", ""pos_no"": 2, ""pos"": ""명사""}]"
701,8,match,동사,1,"조화시키다, 맞추다, 어울리다",My dog can match these pictures to their names.,우리 집 개는 이 사진과 그 이름을 연결시켜 맞출 수 있다.,"[{""voca_id"": 823, ""word"": ""match"", ""meaning"": ""대응하다,연결하다"", ""pos_no"": 1, ""pos"": ""동사""}, {""voca_id"": 824, ""word"": ""match"", ""meaning"": ""맞먹다,필적하다"", ""pos_no"": 1, ""pos"": ""동사""}, {""voca_id"": 825, ""word"": ""match"", ""meaning"": ""부응하다"", ""pos_no"": 1, ""pos"": ""동사""}, {""voca_id"": 826, ""word"": ""match"", ""meaning"": ""연결시키다"", ""pos_no"": 1, ""pos"": ""동사""}, {""voca_id"": 827, ""word"": ""match"", ""meaning"": ""어울리다"", ""pos_no"": 1, ""pos"": ""동사""}, {""voca_id"": 828, ""word"": ""match"", ""meaning"": ""일치하다"", ""pos_no"": 1, ""pos"": ""동사""}, {""voca_id"": 829, ""word"": ""match"", ""meaning"": ""짝짓기 하다"", ""pos_no"": 1, ""pos"": ""동사""}, {""voca_id"": 830, ""word"": ""match"", ""meaning"": ""맞수,호적수"", ""pos_no"": 2, ""pos"": ""명사""}, {""voca_id"": 831, ""word"": ""match"", ""meaning"": ""성냥,시합"", ""pos_no"": 2, ""pos"": ""명사""}, {""voca_id"": 832, ""word"": ""match"", ""meaning"": ""경기,시합"", ""pos_no"": 2, ""pos"": ""명사""}]"
701,2,mean,동사,1,의미하다,That sound means that it is a break time.,그 소리는 쉬는 시간이라는 것을 의미한다.,"[{""voca_id"": 1318, ""word"": ""mean"", ""meaning"": ""의미하다"", ""pos_no"": 1, ""pos"": ""동사""}, {""voca_id"": 1319, ""word"": ""mean"", ""meaning"": ""의도하다"", ""pos_no"": 1, ""pos"": ""동사""}, {""voca_id"": 1320, ""word"": ""mean"", ""meaning"": ""수단"", ""pos_no"": 2, ""pos"": ""명사""}, {""voca_id"": 1321, ""word"": ""mean"", ""meaning"": ""산술 평균"", ""pos_no"": 2, ""pos"": ""명사""}, {""voca_id"": 1322, ""word"": ""mean"", ""meaning"": ""심술궂은,짓궂은"", ""pos_no"": 3, ""pos"": ""형용사""}, {""voca_id"": 1323, ""word"": ""mean"", ""meaning"": ""비열한"", ""pos_no"": 3, ""pos"": ""형용사""}]"
701,5,mistake,명사,2,"잘못, 실수",I made a mistake on the exam.,나는 시험에서 실수를 했다.,
701,6,mix,동사,1,"섞다, 섞이다",You can't mix oil and water.,물과 기름을 섞을 수는 없다.,"[{""voca_id"": 1335, ""word"": ""mix"", ""meaning"": ""섞다"", ""pos_no"": 1, ""pos"": ""동사""}, {""voca_id"": 1336, ""word"": ""mix"", ""meaning"": ""혼합물,섞은 것"", ""pos_no"": 2, ""pos"": ""명사""}]"
701,8,mix,동사,1,"섞다, 섞이다",You can't mix oil and water.,물과 기름을 섞을 수는 없다.,"[{""voca_id"": 1335, ""word"": ""mix"", ""meaning"": ""섞다"", ""pos_no"": 1, ""pos"": ""동사""}, {""voca_id"": 1336, ""word"": ""mix"", ""meaning"": ""혼합물,섞은 것"", ""pos_no"": 2, ""pos"": ""명사""}]"
701,2,move,"동사, 명사",,"움직이다, 옮기다, 말의 움직임",I made a move on the chess board.,나는 체스판 위의 말을 움직였다.,
701,5,nail,명사,2,"못, 손톱",She hammered a nail into the wall.,그녀는 벽에 못을 망치질했다.,"[{""voca_id"": 1349, ""word"": ""nail"", ""meaning"": ""못을 박다"", ""pos_no"": 1, ""pos"": ""동사""}, {""voca_id"": 1350, ""word"": ""nail"", ""meaning"": ""손톱,못"", ""pos_no"": 2, ""pos"": ""명사""}, {""voca_id"": 1351, ""word"": ""nail"", ""meaning"": ""못"", ""pos_no"": 2, ""pos"": ""명사""}]"
701,7,nervous,형용사,3,"긴장한, 초조한",She was nervous about the math test.,그녀는 수학 시험 때문에 초조해했다.,"[{""voca_id"": 1355, ""word"": ""nervous"", ""meaning"": ""긴장하는"", ""pos_no"": 3, ""pos"": ""형용사""}, {""voca_id"": 1356, ""word"": ""nervous"", ""meaning"": ""신경의"", ""pos_no"": 3, ""pos"": ""형용사""}, {""voca_id"": 1357, ""word"": ""nervous"", ""meaning"": ""불안해하는,초조한,긴장되는"", ""pos_no"": 3, ""pos"": ""형용사""}]"
701,6,object,명사,2,"물체, 사물",A hard object hit the window last night.,어젯밤 단단한 물체가 창문을 쳤다.,"[{""voca_id"": 1363, ""word"": ""object"", ""meaning"": ""반대하다"", ""pos_no"": 1, ""pos"": ""동사""}, {""voca_id"": 1364, ""word"": ""object"", ""meaning"": ""물건,물체,목표"", ""pos_no"": 2, ""pos"": ""명사""}, {""voca_id"": 1365, ""word"": ""object"", ""meaning"": ""목표"", ""pos_no"": 2, ""pos"": ""명사""}, {""voca_id"": 1366, ""word"": ""object"", ""meaning"": ""목적,물체"", ""pos_no"": 2, ""pos"": ""명사""}]"
701,8,object,명사,2,"물체, 사물",A hard object hit the window last night.,어젯밤 단단한 물체가 창문을 쳤다.,"[{""voca_id"": 1363, ""word"": ""object"", ""meaning"": ""반대하다"", ""pos_no"": 1, ""pos"": ""동사""}, {""voca_id"": 1364, ""word"": ""object"", ""meaning"": ""물건,물체,목표"", ""pos_no"": 2, ""pos"": ""명사""}, {""voca_id"": 1365, ""word"": ""object"", ""meaning"": ""목표"", ""pos_no"": 2, ""pos"": ""명사""}, {""voca_id"": 1366, ""word"": ""object"", ""meaning"": ""목적,물체"", ""pos_no"": 2, ""pos"": ""명사""}]"
701,4,obvious,형용사,3,"뚜렷한, 명백한",The answer looks obvious to me.,나에게 답은 명백해 보인다.,"[{""voca_id"": 1367, ""word"": ""obvious"", ""meaning"": ""분명한"", ""pos_no"": 3, ""pos"": ""형용사""}]"
701,1,often,부사,4,"종종, 자주",She often writes to her friend.,그녀는 친구에게 자주 편지를 쓴다.,
701,3,owner,명사,2,"주인, 소유주",Erica is the bag's owner.,Erica가 가방의 주인이다.,
701,2,palace,명사,2,궁전,I would like to visit Buckingham Palace.,나는 버킹엄 궁전에 가보고 싶다.,"[{""voca_id"": 1373, ""word"": ""palace"", ""meaning"": ""궁전,왕궁"", ""pos_no"": 2, ""pos"": ""명사""}]"
701,1,pet,명사,2,애완동물,I want to have a pet.,나는 애완동물을 하나 갖고 싶다.,"[{""voca_id"": 1384, ""word"": ""pet"", ""meaning"": ""쓰다듬다"", ""pos_no"": 1, ""pos"": ""동사""}, {""voca_id"": 1385, ""word"": ""pet"", ""meaning"": ""애완동물"", ""pos_no"": 2, ""pos"": ""명사""}]"
701,2,plan,명사,2,계획,I don't have any plans for the weekend.,나는 주말에 아무런 계획이 없다.,
701,4,plant,명사,2,식물,All plants need light and water.,모든 식물은 빛과 물을 필요로 한다.,"[{""voca_id"": 1398, ""word"": ""plant"", ""meaning"": ""공장"", ""pos_no"": 2, ""pos"": ""명사""}, {""voca_id"": 1399, ""word"": ""plant"", ""meaning"": ""식물"", ""pos_no"": 2, ""pos"": ""명사""}, {""voca_id"": 2710, ""word"": ""plant"", ""meaning"": ""심다"", ""pos_no"": 1, ""pos"": ""동사""}, {""voca_id"": 2711, ""word"": ""plant"", ""meaning"": ""식물"", ""pos_no"": 2, ""pos"": ""명사""}]"
701,3,pocket money,명사,2,용돈,Please give me some pocket money.,용돈 좀 주세요.,
701,5,possible,형용사,3,"가능한, 할 수 있는",He ran 100 meters in four seconds? That's not possible!,그가 100미터를 5초 안에 달렸다고? 그건 가능하지 않아!,"[{""voca_id"": 1420, ""word"": ""possible"", ""meaning"": ""가능한"", ""pos_no"": 3, ""pos"": ""형용사""}]"
701,1,post,동사,1,(웹사이트에 정보·사진을) 올리다,I post pictures of my dog online.,나는 온라인에 내 강아지 사진을 올린다.,"[{""voca_id"": 1421, ""word"": ""post"", ""meaning"": ""게시하다,올리다,(인터넷 토론망에 올리는)글"", ""pos_no"": 1, ""pos"": ""동사""}, {""voca_id"": 1422, ""word"": ""post"", ""meaning"": ""우편(물)"", ""pos_no"": 2, ""pos"": ""명사""}, {""voca_id"": 1423, ""word"": ""post"", ""meaning"": ""기둥"", ""pos_no"": 2, ""pos"": ""명사""}, {""voca_id"": 2712, ""word"": ""post"", ""meaning"": ""(인터넷의) 게시글"", ""pos_no"": 2, ""pos"": ""명사""}, {""voca_id"": 2713, ""word"": ""post"", ""meaning"": ""(정보를) 게시하다"", ""pos_no"": 1, ""pos"": ""동사""}]"
701,1,practice,동사,1,연습하다,I will practice the piano.,나는 피아노 연습을 할 것이다.,"[{""voca_id"": 113, ""word"": ""practice"", ""meaning"": ""실천하다"", ""pos_no"": 1, ""pos"": ""동사""}, {""voca_id"": 114, ""word"": ""practice"", ""meaning"": ""사용하다,실행하다"", ""pos_no"": 1, ""pos"": ""동사""}, {""voca_id"": 115, ""word"": ""practice"", ""meaning"": ""영업"", ""pos_no"": 2, ""pos"": ""명사""}, {""voca_id"": 116, ""word"": ""practice"", ""meaning"": ""습관,관행"", ""pos_no"": 2, ""pos"": ""명사""}, {""voca_id"": 117, ""word"": ""practice"", ""meaning"": ""실행,실천"", ""pos_no"": 2, ""pos"": ""명사""}, {""voca_id"": 2716, ""word"": ""practice"", ""meaning"": ""연습"", ""pos_no"": 2, ""pos"": ""명사""}, {""voca_id"": 2717, ""word"": ""practice"", ""meaning"": ""연습하다"", ""pos_no"": 1, ""pos"": ""동사""}]"
701,3,price,명사,2,"가격, 값",He paid full price for it.,그는 제 값을 다 주고 그것을 샀다.,"[{""voca_id"": 1434, ""word"": ""price"", ""meaning"": ""값을 매기다"", ""pos_no"": 1, ""pos"": ""동사""}, {""voca_id"": 1435, ""word"": ""price"", ""meaning"": ""값"", ""pos_no"": 2, ""pos"": ""명사""}]"
701,6,receive,동사,1,받다,I received a package from my mother.,나는 어머니한테서 소포 한 개를 받았다.,"[{""voca_id"": 1475, ""word"": ""receive"", ""meaning"": ""받다,받아들이다"", ""pos_no"": 1, ""pos"": ""동사""}, {""voca_id"": 1476, ""word"": ""receive"", ""meaning"": ""접견하다"", ""pos_no"": 1, ""pos"": ""동사""}]"
701,8,receive,동사,1,받다,I received a package from my mother.,나는 어머니한테서 소포 한 개를 받았다.,"[{""voca_id"": 1475, ""word"": ""receive"", ""meaning"": ""받다,받아들이다"", ""pos_no"": 1, ""pos"": ""동사""}, {""voca_id"": 1476, ""word"": ""receive"", ""meaning"": ""접견하다"", ""pos_no"": 1, ""pos"": ""동사""}]"
701,3,rest,명사,2,나머지,Here's the rest of your change.,여기 나머지 잔돈이 있습니다.,"[{""voca_id"": 855, ""word"": ""rest"", ""meaning"": ""(어떤 것에)받치다,기대다"", ""pos_no"": 1, ""pos"": ""동사""}, {""voca_id"": 856, ""word"": ""rest"", ""meaning"": ""나머지"", ""pos_no"": 2, ""pos"": ""명사""}, {""voca_id"": 2758, ""word"": ""rest"", ""meaning"": ""휴식"", ""pos_no"": 2, ""pos"": ""명사""}, {""voca_id"": 2759, ""word"": ""rest"", ""meaning"": ""휴식하다"", ""pos_no"": 1, ""pos"": ""동사""}]"
701,6,rule,명사,2,"규칙, 관례",You should not break the school rules.,교칙을 어겨서는 안 된다.,"[{""voca_id"": 857, ""word"": ""rule"", ""meaning"": ""지배하다"", ""pos_no"": 1, ""pos"": ""동사""}, {""voca_id"": 858, ""word"": ""rule"", ""meaning"": ""판결하다"", ""pos_no"": 1, ""pos"": ""동사""}, {""voca_id"": 859, ""word"": ""rule"", ""meaning"": ""규칙,규정"", ""pos_no"": 2, ""pos"": ""명사""}, {""voca_id"": 860, ""word"": ""rule"", ""meaning"": ""통치"", ""pos_no"": 2, ""pos"": ""명사""}]"
701,8,rule,명사,2,"규칙, 관례",You should not break the school rules.,교칙을 어겨서는 안 된다.,"[{""voca_id"": 857, ""word"": ""rule"", ""meaning"": ""지배하다"", ""pos_no"": 1, ""pos"": ""동사""}, {""voca_id"": 858, ""word"": ""rule"", ""meaning"": ""판결하다"", ""pos_no"": 1, ""pos"": ""동사""}, {""voca_id"": 859, ""word"": ""rule"", ""meaning"": ""규칙,규정"", ""pos_no"": 2, ""pos"": ""명사""}, {""voca_id"": 860, ""word"": ""rule"", ""meaning"": ""통치"", ""pos_no"": 2, ""pos"": ""명사""}]"
701,3,save,동사,1,"모으다, 저축하다",I'm saving up money for a new bike.,나는 새 자전거를 위해 돈을 모으고 있다.,
701,7,scary,형용사,3,"무서운, 두려운",I don’t think horror movies are scary.,나는 공포 영화가 무섭지 않다고 생각한다.,
701,2,sell,동사,1,팔다,A girl is selling lemonade at the market.,한 소녀가 시장에서 레모네이드를 팔고 있다.,
701,5,semifinal,형용사,3,준결승의,Team A went to the final game after they beat Team B in the semifinal game.,"A팀은 B팀을 준결승전에서 이기고 나서, 결승전에 진출했다.",
701,2,send,동사,1,보내다,I send Christmas cards to my friends.,나는 친구들에게 크리스마스 카드를 보낸다.,
701,6,serious,형용사,3,"심각한, 진지한",We stopped laughing because she looked so serious.,그녀가 매우 진지해 보였기 때문에 우리는 웃음을 멈췄다.,"[{""voca_id"": 1535, ""word"": ""serious"", ""meaning"": ""진지한"", ""pos_no"": 3, ""pos"": ""형용사""}, {""voca_id"": 1536, ""word"": ""serious"", ""meaning"": ""심각한,진지한"", ""pos_no"": 3, ""pos"": ""형용사""}]"
701,8,serious,형용사,3,"심각한, 진지한",We stopped laughing because she looked so serious.,그녀가 매우 진지해 보였기 때문에 우리는 웃음을 멈췄다.,"[{""voca_id"": 1535, ""word"": ""serious"", ""meaning"": ""진지한"", ""pos_no"": 3, ""pos"": ""형용사""}, {""voca_id"": 1536, ""word"": ""serious"", ""meaning"": ""심각한,진지한"", ""pos_no"": 3, ""pos"": ""형용사""}]"
701,6,shape,명사,2,"모양, 형태",What shape is the table?,그 탁자는 무슨 모양이니?,"[{""voca_id"": 1541, ""word"": ""shape"", ""meaning"": ""형성하다"", ""pos_no"": 1, ""pos"": ""동사""}, {""voca_id"": 1542, ""word"": ""shape"", ""meaning"": ""~모양으로 만들다"", ""pos_no"": 1, ""pos"": ""동사""}, {""voca_id"": 1543, ""word"": ""shape"", ""meaning"": ""상태"", ""pos_no"": 2, ""pos"": ""명사""}, {""voca_id"": 1544, ""word"": ""shape"", ""meaning"": ""모양,상태"", ""pos_no"": 2, ""pos"": ""명사""}]"
701,8,shape,명사,2,"모양, 형태",What shape is the table?,그 탁자는 무슨 모양이니?,"[{""voca_id"": 1541, ""word"": ""shape"", ""meaning"": ""형성하다"", ""pos_no"": 1, ""pos"": ""동사""}, {""voca_id"": 1542, ""word"": ""shape"", ""meaning"": ""~모양으로 만들다"", ""pos_no"": 1, ""pos"": ""동사""}, {""voca_id"": 1543, ""word"": ""shape"", ""meaning"": ""상태"", ""pos_no"": 2, ""pos"": ""명사""}, {""voca_id"": 1544, ""word"": ""shape"", ""meaning"": ""모양,상태"", ""pos_no"": 2, ""pos"": ""명사""}]"
701,3,shout,동사,1,"소리치다, 외치다",They shouted for help.,그들은 도와달라고 소리쳤다.,"[{""voca_id"": 1561, ""word"": ""shout"", ""meaning"": ""외치다,소리치다"", ""pos_no"": 1, ""pos"": ""동사""}]"
701,5,slippery,형용사,3,미끄러운,I can't hold this because my hands are slippery.,내 손이 미끄러워 이것을 잡을 수 없다.,
701,2,special,형용사,3,특별한,I use these candles on special days.,나는 이 초들을 특별한 날에 사용한다.,"[{""voca_id"": 1595, ""word"": ""special"", ""meaning"": ""특별한"", ""pos_no"": 3, ""pos"": ""형용사""}]"
701,3,spend,동사,1,"(돈을) 쓰다, (시간을) 보내다",He spends all of his money on clothes.,그는 옷에 모든 돈을 쓴다.,"[{""voca_id"": 1597, ""word"": ""spend"", ""meaning"": ""(시간을) 보내다,소비하다"", ""pos_no"": 1, ""pos"": ""동사""}, {""voca_id"": 1598, ""word"": ""spend"", ""meaning"": ""들이다"", ""pos_no"": 1, ""pos"": ""동사""}, {""voca_id"": 1599, ""word"": ""spend"", ""meaning"": ""소비하다"", ""pos_no"": 1, ""pos"": ""동사""}]"
701,2,spirit,명사,2,"영혼, 정신","He is old, but he has a young spirit.",그는 나이가 들었지만 마음은 젊다.,"[{""voca_id"": 1603, ""word"": ""spirit"", ""meaning"": ""혼령"", ""pos_no"": 2, ""pos"": ""명사""}, {""voca_id"": 1604, ""word"": ""spirit"", ""meaning"": ""정신,영혼"", ""pos_no"": 2, ""pos"": ""명사""}, {""voca_id"": 1605, ""word"": ""spirit"", ""meaning"": ""의지,정신"", ""pos_no"": 2, ""pos"": ""명사""}]"
701,5,still,부사,4,"아직도, 여전히",I still have my old diaries.,나는 아직도 나의 옛 일기장을 가지고 있다.,"[{""voca_id"": 1634, ""word"": ""still"", ""meaning"": ""아직도,여전히"", ""pos_no"": 4, ""pos"": ""부사""}, {""voca_id"": 1635, ""word"": ""still"", ""meaning"": ""그런데도"", ""pos_no"": 4, ""pos"": ""부사""}, {""voca_id"": 2784, ""word"": ""still"", ""meaning"": ""잠잠한"", ""pos_no"": 3, ""pos"": ""형용사""}, {""voca_id"": 2785, ""word"": ""still"", ""meaning"": ""그런데도"", ""pos_no"": 4, ""pos"": ""부사""}]"
701,6,strange,형용사,3,"이상한, 낯선",I had a strange dream last night.,나는 어젯밤 이상한 꿈을 꾸었다.,"[{""voca_id"": 1644, ""word"": ""strange"", ""meaning"": ""낯선"", ""pos_no"": 3, ""pos"": ""형용사""}, {""voca_id"": 1645, ""word"": ""strange"", ""meaning"": ""이상한"", ""pos_no"": 3, ""pos"": ""형용사""}]"
701,8,strange,형용사,3,"이상한, 낯선",I had a strange dream last night.,나는 어젯밤 이상한 꿈을 꾸었다.,"[{""voca_id"": 1644, ""word"": ""strange"", ""meaning"": ""낯선"", ""pos_no"": 3, ""pos"": ""형용사""}, {""voca_id"": 1645, ""word"": ""strange"", ""meaning"": ""이상한"", ""pos_no"": 3, ""pos"": ""형용사""}]"
701,1,study,동사,1,"공부하다, 배우다",I study Chinese day and night.,나는 밤낮으로 중국어를 공부한다.,
701,1,subject,명사,2,"주제, 과목",He is good at all subjects.,그는 전 과목을 잘한다.,"[{""voca_id"": 1654, ""word"": ""subject"", ""meaning"": ""주제,과목"", ""pos_no"": 2, ""pos"": ""명사""}, {""voca_id"": 1655, ""word"": ""subject"", ""meaning"": ""(다뤄지고 있는)문제"", ""pos_no"": 2, ""pos"": ""명사""}, {""voca_id"": 1656, ""word"": ""subject"", ""meaning"": ""과목"", ""pos_no"": 2, ""pos"": ""명사""}, {""voca_id"": 1657, ""word"": ""subject"", ""meaning"": ""소재"", ""pos_no"": 2, ""pos"": ""명사""}, {""voca_id"": 1658, ""word"": ""subject"", ""meaning"": ""피사체"", ""pos_no"": 2, ""pos"": ""명사""}, {""voca_id"": 1659, ""word"": ""subject"", ""meaning"": ""실험 대상"", ""pos_no"": 2, ""pos"": ""명사""}, {""voca_id"": 1660, ""word"": ""subject"", ""meaning"": ""신하,백성"", ""pos_no"": 2, ""pos"": ""명사""}, {""voca_id"": 1661, ""word"": ""subject"", ""meaning"": ""~될 수 있는"", ""pos_no"": 3, ""pos"": ""형용사""}]"
701,4,submarine,명사,2,잠수함,"The submarine can go 1,500 meters underwater.","그 잠수함은 1,500미터의 깊이에 갈 수 있다.",
701,2,symbol,명사,2,"상징, 상징물",The eagle is a traditional symbol of America.,독수리는 미국의 전통적인 상징이다.,
701,5,take off,숙어/관용어,9,"~을 벗다, 이륙하다",Take off your wet clothes and put this on.,네 젖은 옷을 벗고 이걸 입어라.,
701,4,taste,"동사, 명사",,"~맛이 나다, 맛",I don't like this juice. It tastes like medicine.,나는 이 주스를 좋아하지 않는다. 이 주스는 약같은 맛이 난다.,
701,4,teach,동사,1,가르치다,Schools should teach students proper words.,학교는 학생들에게 올바른 언어를 가르쳐야 한다.,
701,2,throw,동사,1,던지다,Throw the ball and I will catch it.,공을 던지면 내가 잡을게.,"[{""voca_id"": 922, ""word"": ""throw"", ""meaning"": ""행사를 열다"", ""pos_no"": 1, ""pos"": ""동사""}, {""voca_id"": 923, ""word"": ""throw"", ""meaning"": ""던지다"", ""pos_no"": 1, ""pos"": ""동사""}]"
701,5,tie,동사,1,묶다,He tied his shoelaces.,그는 그의 신발 끈을 묶었다.,"[{""voca_id"": 1700, ""word"": ""tie"", ""meaning"": ""매다,묶다"", ""pos_no"": 1, ""pos"": ""동사""}, {""voca_id"": 1701, ""word"": ""tie"", ""meaning"": ""넥타이"", ""pos_no"": 2, ""pos"": ""명사""}, {""voca_id"": 1702, ""word"": ""tie"", ""meaning"": ""유대(관계)"", ""pos_no"": 2, ""pos"": ""명사""}, {""voca_id"": 1703, ""word"": ""tie"", ""meaning"": ""무승부"", ""pos_no"": 2, ""pos"": ""명사""}]"
701,2,tourist,명사,2,"여행자, 관광객",There are many tourists from China these days.,요즈음 중국에서 온 관광객이 많다.,
701,2,traditional,형용사,3,"전통의, 전통적인",Every country has its own traditional food.,모든 나라에는 각각의 전통 음식이 있다.,
701,3,try on,숙어/관용어,9,~을 입어 보다,I'd like to try on this jacket.,이 재킷을 입어 보고 싶어요.,
701,4,universe,명사,2,우주,He studies the stars and the universe.,그는 별과 우주에 대해 연구한다.,
701,2,vacation,명사,2,휴가,She’s on vacation in Europe.,그녀는 유럽에서 휴가를 보내고 있다.,
701,5,village,명사,2,마을,I live in a small seaside village.,나는 작은 바닷가 마을에 산다.,"[{""voca_id"": 1739, ""word"": ""village"", ""meaning"": ""마을"", ""pos_no"": 2, ""pos"": ""명사""}]"
701,1,visit,동사,1,"방문하다, 찾아가다",I want to visit Hong Kong this summer.,나는 이번 여름에 홍콩을 방문하고 싶다.,
701,7,volunteer,"명사, 동사",,"자원 봉사자, 자원 봉사 하다",Volunteers built the houses.,자원봉사자들이 집들을 지었다.,"[{""voca_id"": 1740, ""word"": ""volunteer"", ""meaning"": ""자원하다"", ""pos_no"": 1, ""pos"": ""동사""}, {""voca_id"": 1741, ""word"": ""volunteer"", ""meaning"": ""자원봉사하다"", ""pos_no"": 1, ""pos"": ""동사""}, {""voca_id"": 1742, ""word"": ""volunteer"", ""meaning"": ""자원자,자원봉사자"", ""pos_no"": 2, ""pos"": ""명사""}, {""voca_id"": 1743, ""word"": ""volunteer"", ""meaning"": ""자원의,자발적인"", ""pos_no"": 3, ""pos"": ""형용사""}, {""voca_id"": 2831, ""word"": ""volunteer"", ""meaning"": ""자원봉사"", ""pos_no"": 2, ""pos"": ""명사""}, {""voca_id"": 2832, ""word"": ""volunteer"", ""meaning"": ""자원봉사하다"", ""pos_no"": 1, ""pos"": ""동사""}]"
701,6,warm,형용사,3,따뜻한,This tea will make you feel warm.,이 차는 너를 따뜻하게 해 줄 거야.,
701,8,warm,형용사,3,따뜻한,This tea will make you feel warm.,이 차는 너를 따뜻하게 해 줄 거야.,
701,1,watch,동사,1,보다,He likes to watch TV all day.,그는 하루 종일 텔레비전 보는 것을 좋아한다.,
701,7,welcome,동사,1,"맞이하다, 환영하다",They came to the station to welcome us.,그들은 우리를 맞이하려고 역으로 나왔다.,
701,5,wet,형용사,3,"젖은, 축축한",I was wet because I fell into the pool.,나는 수영장에 빠져서 젖었다.,
701,5,worry,동사,1,걱정하다[시키다],He worried about his future.,그는 미래에 대해 걱정했다.,
701,4,wrong,형용사,3,"틀린, 잘못된",These phone numbers are wrong in the address book.,주소록에 나와 있는 이 전화번호는 틀린 것이다.,
